resolution,scope,feature,lag,n,spearman_r,p,q_fdr
weekly,pooled,tmin_under_2°C,0,335,-0.18727475081315748,0.0005701924459898644,0.5928630139644606
weekly,pooled,tmin_under_1°C,0,335,-0.1757971163613067,0.001234505457678303,0.5928630139644606
weekly,pooled,tmin_under_0°C,0,335,-0.16961634719509328,0.001836398252399161,0.5928630139644606
weekly,pooled,tmin_under_3°C,0,335,-0.16529864370481706,0.002404889591352045,0.5928630139644606
weekly,pooled,tmean_under_4°C,0,335,-0.16346011826284534,0.0026923842596024553,0.5928630139644606
weekly,gilde,tmin_under_0°C,0,172,-0.2140759484003222,0.004804255505254717,0.7919431528050608
weekly,gilde,tmin_under_1°C,0,172,-0.1994781008822223,0.008703790074107537,0.7919431528050608
weekly,ummels,tmin_under_2°C,0,163,-0.19931268450132117,0.010750192536634392,0.7919431528050608
weekly,pooled,tmean_under_6°C,0,335,-0.13894821839447166,0.01089570764127558,0.7919431528050608
weekly,pooled,tmax_under_5°C,0,335,-0.13732036407913567,0.011872537160869204,0.7919431528050608
weekly,pooled,tmin_under_-1°C,0,335,-0.1358322806366742,0.012832308663194033,0.7919431528050608
monthly,pooled,tmin_under_3°C,2,79,0.27856534609332684,0.012922566745092541,0.7919431528050608
weekly,ummels,tmin_under_3°C,0,163,-0.1943092599006037,0.012939917660688416,0.7919431528050608
monthly,ummels,temp_max_c_max,0,42,0.3795632270851822,0.0131687130135878,0.7919431528050608
weekly,pooled,snow_over_0.1cm,0,335,-0.13454699625662922,0.013715625732544008,0.7919431528050608
weekly,ummels,wind_max_kmh_mean,0,163,-0.19184400430339468,0.014155916291836317,0.7919431528050608
weekly,ummels,snow_over_0.1cm,0,163,-0.1895795517911151,0.0153597094720091,0.7919431528050608
monthly,ummels,temp_max_c_max,2,40,0.3792860832541627,0.015791145383557716,0.7919431528050608
weekly,gilde,tmean_under_4°C,0,172,-0.18380497676281865,0.01579569950824462,0.7919431528050608
weekly,gilde,tmin_under_-1°C,0,172,-0.18320413169547445,0.01614700472965764,0.7919431528050608
monthly,pooled,snow_over_5cm,2,79,0.26944791829609005,0.016335760878845366,0.7919431528050608
weekly,ummels,tmax_over_24°C,2,161,0.1887560382348651,0.016485735589648647,0.7919431528050608
monthly,pooled,tmin_under_-1°C,0,83,-0.2618595304474799,0.016785990049675056,0.7919431528050608
weekly,gilde,tmin_under_2°C,0,172,-0.1780078251730187,0.019479911307133946,0.7919431528050608
weekly,pooled,snow_over_0.5cm,0,335,-0.12551863535387567,0.02156883912287205,0.7919431528050608
weekly,ummels,rain_over_10mm,2,161,0.1785220161138445,0.023465269511596287,0.7919431528050608
weekly,pooled,tmean_under_2°C,0,335,-0.12353651550557977,0.02374028063726264,0.7919431528050608
monthly,gilde,precip_over_1mm,2,39,0.3613445544831429,0.02381196464315068,0.7919431528050608
weekly,ummels,tmax_over_26°C,2,161,0.17772754455373238,0.024100337308986263,0.7919431528050608
weekly,pooled,gust_over_50km/h,1,333,-0.12282283907884024,0.02500203629554099,0.7919431528050608
monthly,ummels,rain_over_15mm,2,40,0.3520797455297631,0.025879395101256978,0.7919431528050608
weekly,ummels,precip_over_15mm,2,161,0.17516594137901723,0.026249479443212664,0.7919431528050608
weekly,ummels,rain_over_15mm,2,161,0.17424945578063528,0.027057259757969528,0.7919431528050608
weekly,pooled,tmin_under_5°C,0,335,-0.12004307816240795,0.028028543304597087,0.7919431528050608
weekly,pooled,tmax_under_3°C,0,335,-0.11906247343258691,0.02934567602892849,0.7919431528050608
weekly,gilde,tmax_under_9°C,0,172,-0.1660169207817203,0.029514756752457714,0.7919431528050608
weekly,gilde,tmean_under_6°C,0,172,-0.16576906551211354,0.029761749106630927,0.7919431528050608
monthly,ummels,precip_over_20mm,2,40,0.33918528642674417,0.03226628665081778,0.7919431528050608
monthly,ummels,rain_over_20mm,2,40,0.33918528642674417,0.03226628665081778,0.7919431528050608
weekly,ummels,snow_over_0.5cm,0,163,-0.1659018322321497,0.03430387057857028,0.7919431528050608
monthly,gilde,precip_over_2mm,2,39,0.3389350140336322,0.03479755411682836,0.7919431528050608
weekly,gilde,precip_over_5mm,2,170,0.16160628542961591,0.03525635463178819,0.7919431528050608
monthly,ummels,tmax_under_3°C,2,40,0.33269458305742056,0.035941367788819796,0.7919431528050608
weekly,ummels,gust_over_70km/h,0,163,-0.1637831092861169,0.03670064829784017,0.7919431528050608
monthly,ummels,tmin_under_3°C,2,40,0.32987772606631083,0.03763949205199617,0.7919431528050608
monthly,ummels,tmin_under_-1°C,0,42,-0.3210493122559994,0.038164767985272074,0.7919431528050608
weekly,ummels,precip_over_10mm,2,161,0.16295498571763126,0.03888685617516395,0.7919431528050608
monthly,ummels,snow_over_5cm,2,40,0.3271694424244284,0.03933338667317999,0.7919431528050608
weekly,ummels,wind_over_30km/h,0,163,-0.16098820444243506,0.04007718426301889,0.7919431528050608
weekly,ummels,tmax_over_27°C,2,161,0.16152655754737727,0.040654669266004306,0.7919431528050608
weekly,gilde,precip_over_1mm,1,171,-0.15600303079936062,0.041596583868423576,0.7919431528050608
monthly,pooled,tmin_under_-2°C,0,83,-0.22329757045676152,0.04243951399951887,0.7919431528050608
monthly,pooled,tmin_under_2°C,2,79,0.22790319486361976,0.04338049481517303,0.7919431528050608
weekly,pooled,temp_max_c_max,0,335,0.1101877598525431,0.043865937004226654,0.7919431528050608
weekly,pooled,snow_over_0.1cm,1,333,-0.11047804965671831,0.04394392195036329,0.7919431528050608
weekly,pooled,tmax_under_3°C,2,331,0.11062623541270401,0.044301050841211734,0.7919431528050608
weekly,pooled,gust_over_70km/h,0,335,-0.10991756641757232,0.04438913757045058,0.7919431528050608
weekly,ummels,tmax_over_28°C,2,161,0.15825114236151192,0.044964280916025945,0.7919431528050608
monthly,gilde,wind_over_25km/h,1,40,-0.31811572118822207,0.04545216860512554,0.7919431528050608
weekly,ummels,gust_over_60km/h,0,163,-0.15688894971469272,0.045498969176938325,0.7919431528050608
weekly,gilde,rain_over_0.5mm,1,171,-0.15263707123480438,0.04625674321770986,0.7919431528050608
weekly,gilde,tmax_under_5°C,0,172,-0.15089055074122693,0.048176472545946175,0.7919431528050608
weekly,ummels,tmin_under_1°C,0,163,-0.1549155135391023,0.04831986185201847,0.7919431528050608
monthly,pooled,tmean_under_4°C,2,79,0.222844182290048,0.04838057918473661,0.7919431528050608
monthly,gilde,rain_over_1mm,2,39,0.31812434097816783,0.0484207267686608,0.7919431528050608
weekly,pooled,tmax_under_7°C,0,335,-0.10759321881857137,0.04911018827750314,0.7919431528050608
weekly,gilde,rain_over_1mm,1,171,-0.15022585264858662,0.04985645869177738,0.7919431528050608
weekly,pooled,tmax_over_24°C,2,331,0.10767605415871873,0.05031488893077277,0.7919431528050608
weekly,pooled,precip_over_5mm,2,331,0.10742972615447911,0.05084644749380285,0.7919431528050608
weekly,pooled,tmax_over_26°C,2,331,0.10648642344306124,0.05292551052004492,0.7919431528050608
monthly,ummels,tmax_under_9°C,2,40,0.30466180063658266,0.05594444961167437,0.7919431528050608
monthly,pooled,tmin_under_1°C,2,79,0.21564586823063184,0.05630413811687241,0.7919431528050608
weekly,pooled,wind_over_25km/h,1,333,-0.10466095433889895,0.056398386866021596,0.7919431528050608
monthly,gilde,rain_over_2mm,2,39,0.3065161575879869,0.05771188636731767,0.7919431528050608
weekly,gilde,tmax_under_3°C,2,170,0.144149404201646,0.06073517204156207,0.7919431528050608
monthly,ummels,precip_over_15mm,2,40,0.29828783509675144,0.061549449306665366,0.7919431528050608
monthly,gilde,gust_over_50km/h,1,40,-0.2976806921973136,0.06210581387139199,0.7919431528050608
monthly,gilde,gust_over_60km/h,1,40,-0.29761449182433547,0.06216671825726806,0.7919431528050608
weekly,pooled,tmax_over_22°C,2,331,0.10223899326901496,0.06318179988498987,0.7919431528050608
weekly,ummels,wind_over_25km/h,0,163,-0.14575413738706008,0.06338660317230926,0.7919431528050608
weekly,gilde,tmax_under_3°C,0,172,-0.14154518874624372,0.06400459884339339,0.7919431528050608
weekly,gilde,rain_over_2mm,1,171,-0.1416577188243799,0.06457929192113897,0.7919431528050608
weekly,ummels,gust_over_50km/h,0,163,-0.14488645104672257,0.06499394905504267,0.7919431528050608
weekly,pooled,snow_over_2cm,0,335,-0.10093350079124602,0.06500902798543806,0.7919431528050608
weekly,gilde,tmin_under_3°C,0,172,-0.14089470325506254,0.065248758186284,0.7919431528050608
weekly,gilde,rain_over_5mm,2,170,0.1413712080124158,0.06592955807347048,0.7919431528050608
monthly,gilde,precip_over_5mm,2,39,0.29705103313230036,0.06629474351535437,0.7919431528050608
weekly,pooled,temp_mean_c_mean,0,335,0.10009052260847344,0.06729374965482343,0.7919431528050608
monthly,pooled,tmax_under_9°C,2,79,0.20571559858789193,0.06894156382425506,0.7919431528050608
weekly,pooled,tmean_under_6°C,2,331,0.10006746975263865,0.06902637662929598,0.7919431528050608
weekly,pooled,gust_over_70km/h,1,333,-0.0996403134130184,0.06937812091619737,0.7919431528050608
weekly,pooled,rain_over_5mm,2,331,0.09988090041390016,0.06954850023266514,0.7919431528050608
monthly,pooled,wind_max_kmh_mean,1,81,-0.2009936766034327,0.07198127357287604,0.7919431528050608
weekly,ummels,tmean_under_4°C,0,163,-0.14126241159583688,0.07207111970575536,0.7919431528050608
weekly,pooled,snow_over_1cm,1,333,-0.098519771553008,0.07258568734697056,0.7919431528050608
weekly,gilde,precip_over_2mm,1,171,-0.13756011446633448,0.0727848703462566,0.7919431528050608
monthly,pooled,tmax_under_3°C,1,81,0.20013698028027424,0.07322781405486922,0.7919431528050608
weekly,pooled,rain_over_8mm,2,331,0.09832618455902824,0.07402611000685792,0.7919431528050608
weekly,pooled,tmean_under_8°C,0,335,-0.09763388997012795,0.07432946689411088,0.7919431528050608
monthly,gilde,wind_over_35km/h,1,40,-0.28497095879606277,0.07469631109901188,0.7919431528050608
weekly,pooled,snow_over_2cm,1,333,-0.09776997047636893,0.07479873145885853,0.7919431528050608
monthly,pooled,rain_over_15mm,2,79,0.2014258152357856,0.07506469031994471,0.7919431528050608
monthly,pooled,tmax_over_27°C,2,79,-0.20079130991438462,0.07600622857602796,0.7919431528050608
weekly,ummels,temp_max_c_max,0,163,0.13877237161243453,0.0772868476898143,0.7919431528050608
monthly,pooled,tmean_under_6°C,2,79,0.19979570624751455,0.07750261145979959,0.7919431528050608
weekly,ummels,tmax_over_25°C,2,161,0.1394527933600699,0.07768123111555968,0.7919431528050608
weekly,pooled,wind_over_30km/h,0,335,-0.09632038860799948,0.07833011273779172,0.7919431528050608
weekly,ummels,tmax_over_22°C,2,161,0.1390790778134896,0.07848806635738172,0.7919431528050608
monthly,pooled,tmax_under_5°C,2,79,0.19910712017137902,0.07855124404193076,0.7919431528050608
monthly,pooled,precip_over_1mm,2,79,0.1987351592696134,0.07912238583883441,0.7919431528050608
weekly,ummels,gust_over_40km/h,0,163,-0.13746679612008836,0.08014092780712094,0.7949113650057671
monthly,pooled,tmax_under_3°C,2,79,0.19697136348526859,0.08187589455984602,0.8048692849142006
weekly,pooled,snow_over_1cm,0,335,-0.09380683348929393,0.08647154087392434,0.8323930094600868
monthly,gilde,rain_over_5mm,2,39,0.27522294288217813,0.0899292820615385,0.8323930094600868
monthly,pooled,snow_over_0.1cm,0,83,0.1871769087691459,0.09018701172034378,0.8323930094600868
weekly,ummels,tmax_over_30°C,2,161,0.13358591026050143,0.09114504642971098,0.8323930094600868
weekly,pooled,tmin_under_5°C,2,331,0.09252124155466283,0.09285717650722833,0.8323930094600868
monthly,gilde,wind_over_30km/h,1,40,-0.268396255307443,0.09402407105906285,0.8323930094600868
weekly,pooled,wind_max_kmh_mean,0,335,-0.09149420440788532,0.09455037283137964,0.8323930094600868
monthly,pooled,gust_over_40km/h,1,81,-0.18686997638575106,0.09483252184657744,0.8323930094600868
monthly,pooled,snow_over_0.5cm,2,79,0.18922751938394047,0.09487792381761137,0.8323930094600868
weekly,ummels,wind_over_35km/h,0,163,-0.1311094139308375,0.09527209668368326,0.8323930094600868
weekly,ummels,tmin_under_5°C,0,163,-0.1306070324224669,0.09655847006488302,0.8323930094600868
weekly,pooled,tmean_under_0°C,0,335,-0.09093368888173038,0.0965964431422027,0.8323930094600868
weekly,ummels,snow_over_1cm,0,163,-0.13030088497486578,0.097349101213696,0.8323930094600868
weekly,gilde,gust_over_50km/h,1,171,-0.1268539203680912,0.09825976081868092,0.8323930094600868
weekly,gilde,tmean_under_2°C,0,172,-0.1260941148261518,0.09930432151213114,0.8323930094600868
weekly,ummels,wind_max_kmh_max,0,163,-0.12906497377051707,0.10059310875926862,0.8323930094600868
weekly,gilde,tmean_under_8°C,0,172,-0.12504724048673735,0.10216595899153505,0.8323930094600868
monthly,ummels,tmin_under_-2°C,0,42,-0.2553606595415954,0.10264351024126284,0.8323930094600868
weekly,ummels,tmin_under_0°C,0,163,-0.12750792880379086,0.10480084276065521,0.8323930094600868
monthly,pooled,temp_max_c_max,0,83,0.1792030057926427,0.10501575891194516,0.8323930094600868
weekly,ummels,snow_over_0.1cm,1,162,-0.12729471352731642,0.10647866968755558,0.8323930094600868
weekly,ummels,wind_over_35km/h,2,161,0.1274847920413336,0.10705352249247026,0.8323930094600868
monthly,ummels,tmin_under_0°C,2,40,0.25851126378114336,0.10725910199109186,0.8323930094600868
weekly,ummels,rain_over_8mm,2,161,0.12725770829139296,0.10768522873330799,0.8323930094600868
monthly,pooled,tmin_under_0°C,2,79,0.1823548992818338,0.1077279827147152,0.8323930094600868
weekly,pooled,rain_over_0.5mm,2,331,0.08833255431656917,0.10868596166656554,0.8323930094600868
monthly,pooled,gust_over_80km/h,1,81,0.17870349244424105,0.1104416544340989,0.8323930094600868
monthly,pooled,rain_over_1mm,2,79,0.1808076181983781,0.11079925364335048,0.8323930094600868
monthly,ummels,tmax_over_32°C,0,42,0.24893225273236064,0.11189827064056825,0.8323930094600868
weekly,pooled,precip_mm_sum,2,331,0.08748446407513694,0.11213572094080954,0.8323930094600868
monthly,ummels,rain_over_15mm,1,41,0.2513788860773436,0.1128732680156537,0.8323930094600868
weekly,pooled,tmin_under_-2°C,0,335,-0.08663851397760469,0.11346808071367974,0.8323930094600868
monthly,pooled,tmean_under_8°C,2,79,0.1792534462479739,0.11395200047209211,0.8323930094600868
weekly,ummels,temp_max_c_max,2,161,0.12490618449554228,0.11439989849199848,0.8323930094600868
weekly,ummels,tmax_under_5°C,0,163,-0.12401580154756699,0.11474086199117521,0.8323930094600868
weekly,ummels,tmax_under_7°C,0,163,-0.12362193675987244,0.11590659368098952,0.8323930094600868
monthly,gilde,gust_over_50km/h,0,41,-0.24922622174945447,0.11609315587845459,0.8323930094600868
monthly,pooled,precip_over_15mm,2,79,0.17801780258718883,0.1165076432754398,0.8323930094600868
monthly,gilde,snow_over_0.5cm,2,39,0.255242652737376,0.11682721632298008,0.8323930094600868
monthly,gilde,rain_over_0.5mm,2,39,0.2548215723228883,0.11745287704817432,0.8323930094600868
monthly,gilde,precip_mm_sum,2,39,0.25445344129554653,0.11800192582367217,0.8323930094600868
monthly,pooled,precip_over_5mm,2,79,0.17714430517885527,0.11834073995879782,0.8323930094600868
monthly,pooled,precip_mm_sum,2,79,0.17711781888997083,0.11839666770966764,0.8323930094600868
monthly,ummels,tmean_under_8°C,2,40,0.25066656801459497,0.11873430821687446,0.8323930094600868
monthly,pooled,tmax_over_28°C,2,79,-0.17653891727088145,0.11962414360601031,0.8323930094600868
weekly,ummels,tmean_under_2°C,0,163,-0.12158044377744519,0.12209723140255148,0.8323930094600868
monthly,ummels,tmin_under_1°C,2,40,0.24826847873495245,0.12242022620492608,0.8323930094600868
monthly,ummels,tmean_under_4°C,2,40,0.24805009590379112,0.12276010091984904,0.8323930094600868
weekly,pooled,tmin_under_2°C,2,331,0.0845974273586022,0.12452672640008462,0.8323930094600868
weekly,pooled,tmax_under_7°C,2,331,0.08444547788769373,0.12520721447855143,0.8323930094600868
monthly,ummels,snow_over_0.5cm,0,42,0.24016560529148548,0.12552244028933823,0.8323930094600868
monthly,pooled,snow_over_0.5cm,0,83,0.16940516558860555,0.12576013190984206,0.8323930094600868
weekly,ummels,gust_over_70km/h,1,162,-0.12055258239958404,0.12649250294897071,0.8323930094600868
monthly,gilde,tmax_under_5°C,2,39,0.24868834010337013,0.1268540723990782,0.8323930094600868
monthly,pooled,tmean_under_6°C,1,81,0.1706877998917892,0.1276293059146927,0.8323930094600868
weekly,pooled,wind_max_kmh_mean,1,333,-0.08357154817453595,0.1280174372028872,0.8323930094600868
monthly,pooled,wind_over_25km/h,1,81,-0.17025818607566146,0.12860507502993931,0.8323930094600868
weekly,pooled,gust_over_40km/h,0,335,-0.08307980480060607,0.12912762924191812,0.8323930094600868
weekly,pooled,tmean_under_8°C,2,331,0.08354880976531542,0.12928174806328321,0.8323930094600868
weekly,ummels,snow_over_2cm,0,163,-0.11806048887412617,0.13336857678129874,0.8468178793206435
monthly,gilde,rain_over_3mm,2,39,0.24458392888448488,0.13345187532276903,0.8468178793206435
monthly,ummels,tmean_under_6°C,0,42,0.23516589891325004,0.1338295286119818,0.8468178793206435
weekly,pooled,gust_over_40km/h,1,333,-0.08167713510797556,0.13692256267552844,0.861438522890039
monthly,pooled,gust_over_50km/h,1,81,-0.1660444417299014,0.13847922891635017,0.8662819945278496
monthly,ummels,tmin_under_2°C,2,40,0.2376940397420453,0.1397025381724395,0.8689971442251746
monthly,gilde,gust_over_80km/h,2,39,-0.2389771071938469,0.1428716811730335,0.8748065108673045
weekly,pooled,precip_over_1mm,2,331,0.08058231207798608,0.14349461418344686,0.8748065108673045
weekly,pooled,wind_max_kmh_max,1,333,-0.08020910337719901,0.14414472293735964,0.8748065108673045
weekly,pooled,tmin_under_-3°C,0,335,-0.07965844335293631,0.14571021791085342,0.8748065108673045
weekly,ummels,tmean_under_6°C,0,163,-0.11443198766804845,0.14580533350213806,0.8748065108673045
weekly,pooled,rain_mm_sum,2,331,0.07999644609515628,0.14643759496340503,0.8748065108673045
weekly,gilde,tmin_under_-2°C,0,172,-0.11095169021527264,0.14734180119225873,0.8748065108673045
weekly,gilde,precip_over_1mm,2,170,0.11151826621414823,0.1476694566463323,0.8748065108673045
weekly,gilde,temp_mean_c_mean,0,172,0.11069459757449814,0.14828758872304187,0.8748065108673045
monthly,ummels,tmean_under_4°C,0,42,0.22596431668551153,0.15017638634972097,0.8748065108673045
monthly,pooled,rain_over_15mm,1,81,0.16129386056808848,0.15028663436505188,0.8748065108673045
monthly,pooled,snow_over_0.1cm,2,79,0.16229464001533403,0.15300221800017674,0.8748065108673045
monthly,gilde,tmean_under_0°C,0,41,0.22581675599848963,0.15571557557816182,0.8748065108673045
weekly,pooled,tmax_over_28°C,2,331,0.07816080560669214,0.15595643960245995,0.8748065108673045
monthly,gilde,tmin_under_3°C,2,39,0.23156733593866424,0.15605919708636326,0.8748065108673045
monthly,pooled,rain_over_0.5mm,2,79,0.16104449717639768,0.15623373385854641,0.8748065108673045
weekly,gilde,tmin_under_5°C,0,172,-0.10851869248158819,0.15647716075176005,0.8748065108673045
monthly,pooled,tmean_under_2°C,2,79,0.16091509967832454,0.15657109250092785,0.8748065108673045
monthly,gilde,rain_over_10mm,2,39,0.2295288968366598,0.15983759892308438,0.8748065108673045
weekly,pooled,rain_over_10mm,2,331,0.07727926856201763,0.1606905738160675,0.8748065108673045
weekly,ummels,wind_over_35km/h,1,162,-0.1104603948764461,0.16171395169727942,0.8748065108673045
monthly,gilde,precip_over_10mm,2,39,0.2282244087837576,0.16229010702121488,0.8748065108673045
monthly,gilde,tmean_under_6°C,2,39,0.22789727085821146,0.16290939056694442,0.8748065108673045
weekly,pooled,wind_over_35km/h,0,335,-0.0763209059505825,0.16340393613142806,0.8748065108673045
monthly,pooled,wind_over_35km/h,0,83,-0.15380322248600933,0.16506423273782744,0.8748065108673045
weekly,gilde,tmax_under_7°C,2,170,0.10678590134950426,0.1657433045969285,0.8748065108673045
weekly,pooled,snow_over_5cm,0,335,-0.07555545703123483,0.1676803202911809,0.8748065108673045
weekly,gilde,precip_over_2mm,2,170,0.10624164270452954,0.16792333995685696,0.8748065108673045
weekly,ummels,wind_over_25km/h,1,162,-0.10800755767516176,0.17128949340814512,0.8748065108673045
weekly,pooled,precip_over_2mm,2,331,0.07530073128287293,0.17170831759019367,0.8748065108673045
weekly,ummels,tmin_under_5°C,2,161,0.10815868313544173,0.17203430100769662,0.8748065108673045
monthly,gilde,gust_over_40km/h,0,41,-0.2173307268169485,0.17227219773059446,0.8748065108673045
monthly,gilde,tmean_under_4°C,2,39,0.22259257659886167,0.17319097497269004,0.8748065108673045
monthly,pooled,wind_max_kmh_max,0,83,-0.15070735905293647,0.17383991009192903,0.8748065108673045
monthly,pooled,precip_over_2mm,2,79,0.15451762422803839,0.17393323128890797,0.8748065108673045
monthly,ummels,tmax_under_9°C,1,41,0.21638777839514237,0.17418716019811034,0.8748065108673045
weekly,pooled,wind_over_30km/h,1,333,-0.07461924940056444,0.17432163228526665,0.8748065108673045
weekly,pooled,snow_over_0.5cm,1,333,-0.07416518216507902,0.17696512292592517,0.8748065108673045
monthly,gilde,snow_over_5cm,2,39,0.2204900162555031,0.17739216874770636,0.8748065108673045
monthly,gilde,tmin_under_2°C,2,39,0.22032790735809824,0.17771907835204415,0.8748065108673045
weekly,gilde,snow_over_0.5cm,1,171,-0.10339627240932234,0.1783752371249703,0.8748065108673045
monthly,gilde,snow_over_0.1cm,2,39,0.21892969042734903,0.18055659304295923,0.8748065108673045
monthly,gilde,wind_max_kmh_max,0,41,-0.2128919860627178,0.18141974122351684,0.8748065108673045
weekly,ummels,gust_over_50km/h,1,162,-0.10550306525393391,0.18149414557433113,0.8748065108673045
monthly,ummels,gust_over_80km/h,1,41,0.2127178721253987,0.18178548647011145,0.8748065108673045
monthly,pooled,wind_max_kmh_max,2,79,-0.1516796494644596,0.18207119525872703,0.8748065108673045
weekly,gilde,precip_mm_sum,1,171,-0.10210395074327835,0.1838925063701275,0.8748065108673045
weekly,pooled,gust_over_40km/h,2,331,-0.07321481773707342,0.18392329622678763,0.8748065108673045
weekly,ummels,snow_over_2cm,1,162,-0.10489603360074594,0.18403346991128283,0.8748065108673045
weekly,gilde,tmean_under_6°C,2,170,0.10189987766847557,0.1860835831073956,0.8748065108673045
weekly,pooled,wind_over_35km/h,1,333,-0.07246618444210164,0.18712024219675283,0.8748065108673045
monthly,gilde,tmean_under_10°C,0,41,-0.20889741071331244,0.18994350004528993,0.8748065108673045
weekly,ummels,tmean_under_4°C,2,161,0.10369468913484703,0.1905283166114611,0.8748065108673045
weekly,ummels,gust_over_40km/h,2,161,-0.10362520897119885,0.1908271996619876,0.8748065108673045
weekly,ummels,temp_max_c_max,1,162,0.10327638645217888,0.19093610005282718,0.8748065108673045
weekly,pooled,wind_over_40km/h,1,333,-0.07169298049499781,0.19188108103138252,0.8748065108673045
monthly,ummels,snow_over_0.1cm,0,42,0.20459070193817006,0.19370953963869195,0.8748065108673045
weekly,ummels,tmin_under_2°C,2,161,0.10276979278746334,0.19453499588708234,0.8748065108673045
monthly,ummels,tmean_under_10°C,2,40,0.2094636812257715,0.19456170159188368,0.8748065108673045
weekly,ummels,snow_over_1cm,1,162,-0.10207851783998066,0.19616129285344414,0.8748065108673045
weekly,pooled,gust_over_60km/h,0,335,-0.07078470521013827,0.19623531268415506,0.8748065108673045
weekly,gilde,rain_mm_sum,1,171,-0.0992864227124694,0.1963535295378913,0.8748065108673045
monthly,gilde,tmax_over_27°C,2,39,-0.21098699213920602,0.19728854399112566,0.8748065108673045
monthly,pooled,rain_over_10mm,2,79,0.14629550224151072,0.19826466907771326,0.8748065108673045
weekly,pooled,precip_over_15mm,2,331,0.07086224808510719,0.19845507362816572,0.8748065108673045
monthly,gilde,gust_over_70km/h,1,40,-0.20685337129834677,0.2003080055063989,0.8748065108673045
monthly,gilde,wind_max_kmh_mean,1,40,-0.20600375234521578,0.20220373747595483,0.8748065108673045
weekly,pooled,gust_over_60km/h,1,333,-0.06999104768532301,0.20267158271683647,0.8748065108673045
monthly,gilde,tmax_over_28°C,2,39,-0.20812228839612584,0.2035820541232047,0.8748065108673045
weekly,pooled,tmean_under_2°C,2,331,0.06986349136954759,0.20487081092839243,0.8748065108673045
monthly,gilde,tmax_under_3°C,1,40,0.20435043411398596,0.2059286385558638,0.8748065108673045
weekly,gilde,tmean_under_0°C,0,172,-0.09651388361619377,0.20785688971573593,0.8748065108673045
weekly,pooled,wind_over_35km/h,2,331,0.06926436358667205,0.20879076590957185,0.8748065108673045
weekly,pooled,rain_over_15mm,2,331,0.0692523529333705,0.20886989819437762,0.8748065108673045
weekly,gilde,snow_over_1cm,1,171,-0.09594076602445308,0.21193294588680764,0.8748065108673045
monthly,pooled,rain_mm_sum,2,79,0.1419425511197663,0.21209222271140624,0.8748065108673045
weekly,ummels,tmax_under_3°C,0,163,-0.09818137659120617,0.2124473881040682,0.8748065108673045
monthly,pooled,rain_over_2mm,2,79,0.1417327667601141,0.21277545220591934,0.8748065108673045
monthly,pooled,gust_over_50km/h,0,83,-0.1380791269488715,0.2131848024563761,0.8748065108673045
weekly,pooled,tmean_under_4°C,2,331,0.06839503634860251,0.2145743366098604,0.8748065108673045
weekly,pooled,tmean_under_10°C,2,331,0.06835944906141445,0.21481352174149185,0.8748065108673045
monthly,pooled,tmax_over_26°C,2,79,-0.14087459922071527,0.21558656781488228,0.8748065108673045
monthly,pooled,wind_over_25km/h,0,83,-0.1369891806586113,0.2168546581502658,0.8748065108673045
monthly,gilde,tmean_under_6°C,1,40,0.19897930015439194,0.21835902198461546,0.8748065108673045
monthly,gilde,tmin_under_-1°C,0,41,-0.19583403020851073,0.21978705224218517,0.8748065108673045
weekly,gilde,wind_max_kmh_mean,1,171,-0.09431684546523628,0.2198061037189864,0.8748065108673045
weekly,pooled,tmin_under_3°C,2,331,0.06748883918639932,0.22072465680210293,0.8748065108673045
monthly,pooled,temp_max_c_max,2,79,0.13918134350280584,0.2212098972196028,0.8748065108673045
monthly,pooled,precip_over_10mm,2,79,0.13917014638259026,0.22124742282365986,0.8748065108673045
monthly,gilde,wind_over_25km/h,0,41,-0.19494555227529412,0.2219279434136796,0.8748065108673045
monthly,pooled,snow_over_2cm,1,81,0.13717504221854857,0.22202205606386713,0.8748065108673045
weekly,ummels,tmean_under_6°C,2,161,0.09675110012738371,0.22211069670980477,0.8748065108673045
weekly,gilde,tmax_under_7°C,0,172,-0.09354795143561145,0.22223663808794497,0.8748065108673045
weekly,gilde,wind_over_25km/h,1,171,-0.09343957028130903,0.22414486721412422,0.8748065108673045
monthly,pooled,rain_over_5mm,2,79,0.13827411736481074,0.22426485356477566,0.8748065108673045
monthly,ummels,tmax_under_3°C,1,41,0.1934445613504594,0.22557727656958423,0.8748065108673045
weekly,ummels,tmean_under_2°C,1,162,-0.09569639142215089,0.22575492430006394,0.8748065108673045
weekly,gilde,snow_over_0.1cm,2,170,0.09310709272559214,0.227187098802548,0.8748065108673045
weekly,gilde,tmean_under_8°C,2,170,0.09302659239290764,0.2275909042335648,0.8748065108673045
weekly,gilde,gust_over_40km/h,1,171,-0.09257791387225763,0.2284651144162517,0.8748065108673045
monthly,gilde,tmax_over_25°C,2,39,-0.19730488697780607,0.22860577885278532,0.8748065108673045
monthly,gilde,snow_over_1cm,2,39,0.19719246097555726,0.22887640394696424,0.8748065108673045
monthly,gilde,tmax_over_24°C,2,39,-0.19708063794154698,0.22914579442831562,0.8748065108673045
weekly,pooled,tmax_over_27°C,2,331,0.06607352241799519,0.23058033253632104,0.8748065108673045
monthly,ummels,tmean_under_4°C,1,41,0.19062735605277567,0.23253736575315967,0.8748065108673045
weekly,gilde,tmax_under_9°C,2,170,0.09203752347379915,0.2325936812395782,0.8748065108673045
weekly,pooled,tmax_over_25°C,2,331,0.06559914454354149,0.23395234391587194,0.8748065108673045
weekly,pooled,temp_max_c_max,1,333,0.06534977558278796,0.23431810189334007,0.8748065108673045
monthly,ummels,tmean_under_6°C,2,40,0.19211465739827574,0.23498610852812613,0.8748065108673045
monthly,gilde,rain_mm_sum,2,39,0.19453441295546559,0.23533845823627852,0.8748065108673045
monthly,pooled,tmax_over_25°C,2,79,-0.135026829425827,0.23544150233847747,0.8748065108673045
monthly,ummels,tmean_under_2°C,2,40,0.19157842418527773,0.23632019485882302,0.8748065108673045
weekly,ummels,tmin_under_-3°C,0,163,-0.09301579788794113,0.23761497759075204,0.8748065108673045
monthly,gilde,rain_over_20mm,2,39,-0.19354380211810593,0.23777811778845784,0.8748065108673045
monthly,gilde,precip_over_20mm,2,39,-0.19354380211810593,0.23777811778845784,0.8748065108673045
weekly,pooled,gust_over_70km/h,2,331,0.06500130476976737,0.23825130280943216,0.8748065108673045
monthly,ummels,tmax_under_7°C,0,42,0.18598797532804004,0.2382835195944909,0.8748065108673045
weekly,pooled,tmax_under_5°C,2,331,0.06497587967570359,0.23843535269866228,0.8748065108673045
monthly,gilde,tmin_under_-3°C,2,39,-0.19300079882955873,0.2391226574563453,0.8748065108673045
monthly,ummels,tmax_over_27°C,1,41,-0.187296657185466,0.24095318000860638,0.8748065108673045
weekly,pooled,tmax_under_9°C,0,335,-0.06418956191045197,0.24132587711213294,0.8748065108673045
weekly,gilde,snow_over_0.1cm,1,171,-0.09007846927536706,0.24132848089511064,0.8748065108673045
weekly,pooled,tmax_over_30°C,0,335,0.06415842567273475,0.2415546924411304,0.8748065108673045
monthly,gilde,rain_over_1mm,0,41,-0.18669110068728365,0.24250512356228618,0.8748065108673045
monthly,ummels,tmax_under_5°C,2,40,0.18879896924858927,0.24331748481295634,0.8748065108673045
monthly,pooled,tmean_under_8°C,0,83,-0.1292384746708833,0.24424038264454262,0.8748065108673045
weekly,ummels,snow_over_5cm,1,162,-0.09160653501180352,0.246304733982901,0.8748065108673045
weekly,gilde,tmean_under_0°C,2,170,0.08937293344007058,0.24645453440535822,0.8748065108673045
weekly,pooled,precip_over_10mm,2,331,0.06373582042237626,0.24753352995843914,0.8748065108673045
monthly,gilde,gust_over_40km/h,1,40,-0.1870159727993671,0.24787903346156306,0.8748065108673045
weekly,gilde,rain_over_0.5mm,2,170,0.08909850539743364,0.24791398614232904,0.8748065108673045
weekly,gilde,snow_over_2cm,1,171,-0.08871007512995792,0.2485811089194969,0.8748065108673045
monthly,gilde,precip_over_1mm,0,41,-0.18410735141468862,0.24920266183646145,0.8748065108673045
weekly,gilde,tmax_under_5°C,2,170,0.08881899107138308,0.24940663832603374,0.8748065108673045
weekly,gilde,precip_mm_sum,2,170,0.08866001792922741,0.250258352300908,0.8748065108673045
weekly,ummels,temp_mean_c_mean,0,163,0.09037863510695075,0.2512383201809797,0.8748065108673045
monthly,ummels,gust_over_70km/h,1,41,0.1831234118523749,0.25178556104557576,0.8748065108673045
weekly,pooled,tmax_under_9°C,2,331,0.06315255275806587,0.25189551614254707,0.8748065108673045
weekly,gilde,tmean_under_10°C,0,172,-0.0877942110639415,0.25211505181655636,0.8748065108673045
monthly,pooled,tmax_over_22°C,0,83,0.1269840147802699,0.25263499210968227,0.8748065108673045
weekly,ummels,tmax_under_5°C,1,162,-0.09032422280977184,0.25300723200964886,0.8748065108673045
weekly,pooled,gust_over_80km/h,1,333,-0.06269571882833029,0.25390730724366345,0.8748065108673045
monthly,pooled,tmin_under_-3°C,1,81,-0.12814285796837802,0.254258023140361,0.8748065108673045
weekly,gilde,rain_over_8mm,2,170,0.08767679919341809,0.2555707614057202,0.8750539036245338
monthly,gilde,tmax_over_27°C,0,41,-0.181562591615956,0.2559194886168028,0.8750539036245338
weekly,ummels,wind_max_kmh_max,1,162,-0.08933925616590366,0.25824026761810703,0.875156546332091
weekly,pooled,tmin_under_-2°C,1,333,-0.062041165539908176,0.25890805949160745,0.875156546332091
weekly,gilde,gust_over_80km/h,1,171,-0.08671124291165398,0.25944437616919863,0.875156546332091
weekly,gilde,snow_over_0.5cm,0,172,-0.08640677240540563,0.2597170038128913,0.875156546332091
weekly,gilde,tmean_under_10°C,2,170,0.08666895527854036,0.26109631151547646,0.875156546332091
monthly,pooled,snow_over_1cm,2,79,0.12787167379056738,0.2614161685991107,0.875156546332091
monthly,gilde,wind_over_35km/h,0,41,-0.17911587540733903,0.2624904874639093,0.875156546332091
weekly,gilde,snow_over_0.1cm,0,172,-0.0858022936475428,0.26307771913360517,0.875156546332091
monthly,gilde,snow_over_2cm,2,39,0.18364288312234872,0.2631033758727721,0.875156546332091
monthly,ummels,wind_max_kmh_mean,1,41,-0.1780487804878049,0.26539107042565674,0.8799878557769208
monthly,gilde,tmin_under_1°C,2,39,0.18249364196201723,0.26615436509874174,0.8799878557769208
weekly,ummels,tmin_under_-1°C,0,163,-0.08703210475540035,0.2692905506198637,0.8867930811555853
weekly,pooled,precip_over_2mm,1,333,-0.06035590010846006,0.2720945471082957,0.8867930811555853
monthly,pooled,rain_over_3mm,2,79,0.12494826110564165,0.272567418351578,0.8867930811555853
monthly,pooled,tmax_under_7°C,2,79,0.12484794203279372,0.2729556597096176,0.8867930811555853
weekly,ummels,tmax_over_22°C,0,163,0.08628601392321537,0.273432511174806,0.8867930811555853
weekly,pooled,precip_over_1mm,1,333,-0.06005621243239864,0.2744865726747771,0.8867930811555853
monthly,pooled,tmin_under_-3°C,0,83,-0.12103875790674869,0.27571072462701995,0.8867930811555853
weekly,ummels,snow_over_5cm,0,163,-0.08581960181203942,0.27604362733209675,0.8867930811555853
monthly,gilde,gust_over_70km/h,0,41,-0.17414954878735894,0.276169820498683,0.8867930811555853
weekly,ummels,wind_over_30km/h,1,162,-0.08592356972056517,0.27696086404837145,0.8867930811555853
monthly,gilde,tmin_under_2°C,0,41,-0.1738105352556328,0.27712032456872887,0.8867930811555853
monthly,ummels,tmax_over_28°C,1,41,-0.17342941045266766,0.2781914518360528,0.8867930811555853
weekly,gilde,temp_max_c_max,0,172,0.08295977477827801,0.27927925337471154,0.8867930811555853
weekly,ummels,rain_over_1mm,1,162,0.08547445494731082,0.2794888275758293,0.8867930811555853
weekly,gilde,snow_over_2cm,0,172,-0.08244782421977123,0.282267190492598,0.8930349906102023
weekly,ummels,tmean_under_0°C,0,163,-0.08414291453432121,0.2855690403825031,0.8987037398067149
monthly,gilde,rain_over_8mm,2,39,0.17533206663898998,0.2856914704199366,0.8987037398067149
weekly,gilde,rain_over_1mm,2,170,0.08202229279550696,0.287626688826179,0.9003608309798952
monthly,pooled,tmean_under_10°C,0,83,-0.1180437748565781,0.28785378065842243,0.9003608309798952
monthly,ummels,tmin_under_0°C,0,42,-0.16737089120335272,0.2893954553179384,0.9022114378212239
monthly,gilde,tmean_under_10°C,2,39,-0.17354934229262378,0.29069561725291526,0.9022114378212239
monthly,pooled,wind_over_45km/h,1,81,0.11877913591175973,0.29090377877069434,0.9022114378212239
weekly,pooled,snow_over_0.5cm,2,331,0.05783604545024148,0.2941171764390052,0.9058655824974691
weekly,gilde,snow_over_1cm,2,170,0.08037033432966015,0.2974784293644198,0.9058655824974691
weekly,gilde,rain_over_3mm,1,171,-0.07989503824909419,0.29891554188241487,0.9058655824974691
weekly,ummels,rain_over_0.5mm,2,161,0.08234662406084607,0.2990443193847994,0.9058655824974691
weekly,gilde,tmax_under_7°C,1,171,0.0796941345636579,0.3001361999053151,0.9058655824974691
weekly,ummels,rain_mm_sum,2,161,0.08203364535432112,0.3008909902989383,0.9058655824974691
weekly,gilde,tmax_over_26°C,1,171,-0.0795089850811459,0.301264050275734,0.9058655824974691
monthly,ummels,snow_over_1cm,0,42,0.16317656992127705,0.3018230344731258,0.9058655824974691
monthly,pooled,wind_over_40km/h,1,81,0.1158024939628959,0.3032486233451107,0.9058655824974691
monthly,ummels,precip_over_20mm,1,41,0.16401104427701949,0.30552113953790533,0.9058655824974691
monthly,ummels,rain_over_20mm,1,41,0.16401104427701949,0.30552113953790533,0.9058655824974691
monthly,pooled,tmean_under_6°C,0,83,0.1135227640187852,0.3068449955632362,0.9058655824974691
monthly,pooled,wind_over_30km/h,0,83,-0.11351884494849672,0.30686180360561394,0.9058655824974691
monthly,ummels,wind_over_25km/h,2,40,-0.1653218268927612,0.307980809479153,0.9058655824974691
monthly,pooled,tmax_under_7°C,0,83,0.11321527599499813,0.3081655635563446,0.9058655824974691
monthly,gilde,tmin_under_5°C,2,39,-0.16718087608019283,0.30903091219866785,0.9058655824974691
monthly,ummels,tmax_over_22°C,0,42,0.16039772066889685,0.3102419780825005,0.9058655824974691
monthly,gilde,tmin_under_-2°C,0,41,-0.16236033736543445,0.3104813987708292,0.9058655824974691
weekly,gilde,snow_over_0.5cm,2,170,0.07811945447776646,0.3112576546827207,0.9058655824974691
monthly,gilde,tmax_over_22°C,2,39,-0.16618340602861353,0.3119676378358065,0.9058655824974691
weekly,ummels,snow_over_5cm,2,161,-0.08014753307934812,0.31217866001206596,0.9058655824974691
monthly,gilde,wind_max_kmh_max,2,39,-0.16578947368421054,0.31313228452016223,0.9058655824974691
monthly,gilde,snow_over_2cm,1,40,0.1632153486095472,0.31427138121796805,0.9058655824974691
weekly,pooled,rain_over_1mm,2,331,0.05547751481214473,0.31428003752768563,0.9058655824974691
weekly,ummels,precip_mm_sum,2,161,0.079757706115947,0.3145456528054844,0.9058655824974691
monthly,pooled,temp_mean_c_mean,0,83,0.11166617690273287,0.3148745058871265,0.9058655824974691
weekly,pooled,tmax_over_32°C,0,335,-0.05505317615727178,0.3150729549227095,0.9058655824974691
weekly,pooled,snow_over_5cm,1,333,-0.05505853360770218,0.31648563022539344,0.9058655824974691
monthly,ummels,wind_over_35km/h,2,40,0.16225135733043364,0.31717700000728943,0.9058655824974691
monthly,ummels,gust_over_40km/h,1,41,-0.15983965929499275,0.31815382080266674,0.9058655824974691
monthly,ummels,wind_over_40km/h,1,41,0.15965198938269712,0.3187297817966043,0.9058655824974691
weekly,ummels,tmax_under_3°C,2,161,0.07903057908198173,0.3189918489626225,0.9058655824974691
weekly,ummels,gust_over_70km/h,2,161,0.0789439908050041,0.31952401623837867,0.9058655824974691
monthly,pooled,wind_over_40km/h,0,83,-0.10993516277153147,0.32248189061865157,0.9058655824974691
weekly,gilde,wind_over_40km/h,1,171,-0.07603461797624855,0.3229466916238693,0.9058655824974691
monthly,gilde,tmean_under_4°C,0,41,-0.15802206309958716,0.32375960789126873,0.9058655824974691
monthly,ummels,tmin_under_0°C,1,41,0.15793674521082385,0.3240242533813812,0.9058655824974691
weekly,pooled,wind_over_25km/h,0,335,-0.05401148287999859,0.32433091199333974,0.9058655824974691
monthly,pooled,snow_over_5cm,0,83,-0.10937986296471884,0.3249470153946187,0.9058655824974691
weekly,ummels,wind_max_kmh_mean,2,161,-0.07798199762913048,0.325475055283449,0.9058655824974691
weekly,pooled,gust_over_50km/h,0,335,-0.05380846685535138,0.3261555255570571,0.9058655824974691
monthly,pooled,wind_max_kmh_mean,0,83,-0.10900046177742327,0.3266381800649366,0.9058655824974691
monthly,pooled,snow_over_1cm,0,83,0.10780033992655408,0.33202454329547876,0.9128982044816845
weekly,gilde,rain_mm_sum,2,170,0.0748020124542512,0.33231462504812137,0.9128982044816845
weekly,ummels,tmin_under_-3°C,1,162,-0.07653485303861561,0.33304083437773335,0.9128982044816845
monthly,ummels,tmax_over_30°C,1,41,-0.15474390503429541,0.33402528620470656,0.9128982044816845
weekly,ummels,tmin_under_3°C,2,161,0.07657351261377161,0.33431611276588313,0.9128982044816845
weekly,gilde,snow_over_2cm,2,170,0.07445368793254824,0.33457727469160436,0.9128982044816845
weekly,gilde,tmax_over_25°C,1,171,-0.07402674676591195,0.3359259413241395,0.9128982044816845
monthly,gilde,tmean_under_0°C,1,40,0.15602704559394776,0.33634328304524147,0.9128982044816845
monthly,ummels,rain_over_15mm,0,42,0.15166313290257238,0.3376651684912303,0.9128982044816845
weekly,ummels,tmin_under_-2°C,1,162,-0.07577959180521471,0.33784754676969747,0.9128982044816845
monthly,gilde,snow_over_0.1cm,0,41,0.15314190938821323,0.3391145347736651,0.9128982044816845
weekly,pooled,tmax_over_28°C,0,335,0.05238621589056611,0.33912385616077106,0.9128982044816845
monthly,gilde,temp_mean_c_mean,2,39,-0.1562753036437247,0.34209154006167564,0.918640940507085
weekly,gilde,gust_over_60km/h,1,171,-0.07294056683118866,0.3430839777616735,0.9189659958764883
weekly,ummels,tmin_under_0°C,2,161,0.07492873026598863,0.3448326186643472,0.9189659958764883
weekly,gilde,tmean_under_2°C,2,170,0.07282314410518775,0.34529943125840956,0.9189659958764883
weekly,gilde,rain_over_2mm,2,170,0.07268249794126727,0.34623435622149823,0.9189659958764883
monthly,pooled,tmin_under_0°C,0,83,-0.10446327479861557,0.3472959587708632,0.9189659958764883
monthly,ummels,tmax_over_27°C,2,40,-0.15233770944203942,0.3480340414306259,0.9189659958764883
monthly,ummels,tmax_over_24°C,0,42,0.14724765069644313,0.3520805731657859,0.9189659958764883
monthly,pooled,tmax_over_27°C,1,81,-0.10465829677803691,0.3524532125250449,0.9189659958764883
weekly,pooled,tmean_under_0°C,2,331,0.05122265271939817,0.3528895897688008,0.9189659958764883
weekly,ummels,tmax_under_3°C,1,162,-0.07344265525159197,0.35299847777832455,0.9189659958764883
monthly,ummels,tmean_under_0°C,2,40,0.15066070090889883,0.353429098111559,0.9189659958764883
weekly,pooled,rain_over_2mm,1,333,-0.05098406476495531,0.35367905010889095,0.9189659958764883
weekly,gilde,tmin_under_5°C,2,170,0.07152502882381123,0.3539890504035059,0.9189659958764883
monthly,gilde,tmean_under_8°C,0,41,-0.14818036892818243,0.3551775946794831,0.9189659958764883
monthly,ummels,wind_max_kmh_mean,2,40,-0.149906191369606,0.35587287033127574,0.9189659958764883
monthly,pooled,wind_over_25km/h,2,79,-0.10502288863034162,0.35697947490806353,0.9189659958764883
monthly,pooled,snow_over_0.5cm,1,81,0.10357829767689478,0.35747148149960584,0.9189659958764883
weekly,ummels,tmean_under_8°C,0,163,-0.07241722420859792,0.3582772327313468,0.9189659958764883
monthly,gilde,tmax_over_30°C,0,41,-0.14723553021402336,0.3582879720575375,0.9189659958764883
monthly,ummels,wind_max_kmh_max,2,40,-0.14878048780487807,0.3595378575498267,0.9189659958764883
monthly,gilde,tmean_under_2°C,1,40,-0.14871843362629064,0.35974054879451994,0.9189659958764883
monthly,gilde,tmin_under_-1°C,1,40,-0.14827506208207739,0.36119076324537874,0.9190235422373572
monthly,ummels,snow_over_5cm,0,42,-0.14444184563951756,0.3614325102532022,0.9190235422373572
weekly,pooled,rain_over_2mm,2,331,0.05011891425300323,0.36337355779736374,0.919836849731394
weekly,gilde,tmax_over_22°C,2,170,0.07009495547774577,0.3637190359557148,0.919836849731394
monthly,pooled,wind_over_30km/h,1,81,-0.10190580177766835,0.3653293854197243,0.919836849731394
weekly,ummels,wind_over_40km/h,0,163,-0.07101220141863743,0.3677033622096142,0.919836849731394
weekly,pooled,tmin_under_1°C,2,331,0.049596468451284154,0.3684030064110851,0.919836849731394
weekly,ummels,wind_max_kmh_mean,1,162,-0.07112871801351127,0.36841288360329383,0.919836849731394
monthly,pooled,snow_over_1cm,1,81,0.10120097834239744,0.36867230374938176,0.919836849731394
monthly,gilde,rain_over_0.5mm,0,41,-0.14367240593491182,0.3701650605079082,0.919836849731394
monthly,ummels,tmax_under_7°C,2,40,0.1455126646929547,0.37030527022201287,0.919836849731394
weekly,pooled,snow_over_0.1cm,2,331,0.04921312809713143,0.37212061643627387,0.919836849731394
monthly,ummels,tmean_under_6°C,1,41,0.14226270114772838,0.37492819792977045,0.919836849731394
weekly,gilde,tmax_over_28°C,0,172,0.06774439230583174,0.3772385542898083,0.919836849731394
monthly,gilde,temp_mean_c_mean,0,41,0.14146341463414638,0.37764493484012085,0.919836849731394
weekly,pooled,wind_max_kmh_max,0,335,-0.048171571774415646,0.37945585517604,0.919836849731394
monthly,gilde,gust_over_80km/h,1,40,0.14260499169443228,0.380045740081927,0.919836849731394
monthly,pooled,precip_over_20mm,1,81,0.0987518602265393,0.38043269065228297,0.919836849731394
monthly,pooled,rain_over_20mm,1,81,0.0987518602265393,0.38043269065228297,0.919836849731394
weekly,pooled,tmax_over_30°C,2,331,0.048324108806062846,0.38083095687121093,0.919836849731394
weekly,ummels,precip_over_5mm,2,161,0.06923717583692271,0.38281360423406247,0.919836849731394
weekly,gilde,tmax_over_32°C,0,172,-0.06690506037548058,0.38319147267304604,0.919836849731394
weekly,gilde,rain_over_10mm,0,172,-0.06655616738840844,0.38568266601881396,0.919836849731394
weekly,gilde,tmin_under_2°C,2,170,0.06664884322119072,0.3878384984661811,0.919836849731394
monthly,gilde,wind_max_kmh_max,1,40,-0.14015009380863042,0.3883859194450301,0.919836849731394
weekly,gilde,rain_over_5mm,0,172,0.06604791737088594,0.3893292115354845,0.919836849731394
weekly,ummels,rain_over_0.5mm,1,162,0.06798935801953268,0.3899778535013196,0.919836849731394
monthly,pooled,snow_over_0.1cm,1,81,0.0964908682957208,0.39148793942571225,0.919836849731394
monthly,ummels,precip_over_15mm,1,41,0.13730798766265126,0.3919558772971595,0.919836849731394
weekly,ummels,tmean_under_6°C,1,162,0.06758264635652135,0.39282621808076246,0.919836849731394
monthly,gilde,gust_over_40km/h,2,39,0.14039712875771032,0.3939437298116218,0.919836849731394
monthly,pooled,snow_over_2cm,2,79,0.09721106366967185,0.3940587487222785,0.919836849731394
monthly,gilde,tmax_over_32°C,0,41,-0.13636828034202772,0.39523541319996613,0.919836849731394
monthly,ummels,tmax_over_24°C,2,40,0.13797397580290377,0.39586766012926417,0.919836849731394
weekly,pooled,tmean_under_2°C,1,333,-0.04664841906686336,0.3961513042874137,0.919836849731394
monthly,gilde,tmin_under_1°C,0,41,-0.1360606659969726,0.39631242567311364,0.919836849731394
weekly,gilde,wind_max_kmh_max,1,171,-0.06518739140109847,0.39694781116290034,0.919836849731394
monthly,pooled,precip_over_15mm,1,81,0.09538777893817912,0.3969502566240658,0.919836849731394
monthly,pooled,tmax_under_9°C,1,81,0.09533360773587243,0.39721966004774095,0.919836849731394
monthly,gilde,tmean_under_2°C,2,39,0.13941393488918044,0.3972973091192827,0.919836849731394
weekly,gilde,snow_over_5cm,0,172,-0.06493197578770996,0.39740837329399104,0.919836849731394
monthly,gilde,tmax_over_26°C,0,41,-0.1354323255046545,0.398517640720903,0.919836849731394
weekly,gilde,tmin_under_1°C,2,170,0.06513070220854424,0.3987635529023309,0.919836849731394
monthly,gilde,tmax_over_26°C,2,39,-0.13844701578342075,0.40061141866773237,0.919836849731394
weekly,pooled,tmean_under_10°C,0,335,-0.045960210350911516,0.40174494526476107,0.919836849731394
monthly,gilde,tmin_under_-3°C,1,40,-0.13618547597525155,0.4020788063103071,0.919836849731394
weekly,ummels,tmean_under_8°C,2,161,0.0663325866620986,0.4031384160052869,0.919836849731394
weekly,ummels,rain_over_5mm,2,161,0.0661304415407038,0.40457635709830975,0.919836849731394
monthly,pooled,tmax_over_30°C,2,79,-0.09501448407084484,0.4048824562129786,0.919836849731394
weekly,gilde,precip_over_10mm,1,171,-0.06403520135248596,0.40536293058833295,0.919836849731394
weekly,ummels,tmean_under_2°C,2,161,0.06601161478451856,0.4054230367947349,0.919836849731394
monthly,ummels,snow_over_5cm,1,41,0.13317070908526515,0.4065135354345446,0.919836849731394
monthly,pooled,gust_over_40km/h,0,83,-0.09223082117641493,0.4069407494737866,0.919836849731394
monthly,ummels,tmax_over_30°C,0,42,0.1313275044581969,0.40709658741197857,0.919836849731394
weekly,ummels,tmax_over_30°C,0,163,0.06519009475175883,0.40836965522447705,0.919836849731394
monthly,gilde,tmax_under_9°C,0,41,-0.1321416389788098,0.4101820234329434,0.919836849731394
weekly,pooled,rain_over_0.5mm,1,333,-0.04522916390680114,0.4106943525292512,0.919836849731394
weekly,gilde,tmin_under_-3°C,0,172,-0.06279675223090916,0.4131434215338043,0.919836849731394
weekly,ummels,tmin_under_0°C,1,162,-0.0647281862843328,0.41316630066758336,0.919836849731394
weekly,gilde,rain_over_10mm,1,171,-0.06297481287711759,0.4132001539472915,0.919836849731394
weekly,pooled,tmin_under_-3°C,2,331,0.04493584548490391,0.41515531761023433,0.919836849731394
weekly,pooled,wind_max_kmh_mean,2,331,-0.04492361466659965,0.4152824270734519,0.919836849731394
monthly,pooled,tmean_under_0°C,2,79,0.09247397436221826,0.41761570269153486,0.919836849731394
weekly,pooled,tmin_under_0°C,2,331,0.04461202823619465,0.41852831864299533,0.919836849731394
monthly,pooled,gust_over_60km/h,1,81,-0.09106596293166437,0.4187816150773589,0.919836849731394
monthly,pooled,snow_over_5cm,1,81,0.09101388977945139,0.4190488129652398,0.919836849731394
weekly,gilde,rain_over_5mm,1,171,-0.06213055708672449,0.41950308219543136,0.919836849731394
monthly,ummels,tmin_under_3°C,1,41,0.12939076552148215,0.42008080325080355,0.919836849731394
weekly,gilde,precip_over_15mm,2,170,-0.06218262175843791,0.4204963669983861,0.919836849731394
weekly,gilde,rain_over_15mm,2,170,-0.06218262175843791,0.4204963669983861,0.919836849731394
monthly,ummels,tmin_under_-3°C,2,40,0.13083347188538605,0.42099726117319225,0.919836849731394
weekly,ummels,tmin_under_-2°C,0,163,-0.06340285500228036,0.4213662307609113,0.919836849731394
weekly,ummels,wind_over_25km/h,2,161,-0.06359259486177544,0.4228862653231439,0.919836849731394
weekly,gilde,precip_over_10mm,0,172,-0.06142586499367746,0.42343584048559685,0.919836849731394
weekly,gilde,precip_over_5mm,1,171,-0.06158224930975269,0.4236263983885249,0.919836849731394
monthly,pooled,tmin_under_3°C,1,81,0.08998109958082265,0.4243685583764843,0.919836849731394
monthly,pooled,precip_over_5mm,0,83,0.0884917748130553,0.42630275301051174,0.919836849731394
weekly,pooled,tmax_under_3°C,1,333,-0.04367358375565202,0.4269914698419255,0.919836849731394
monthly,pooled,tmax_over_24°C,0,83,0.0883041061285352,0.4272882557482575,0.919836849731394
monthly,gilde,wind_over_30km/h,2,39,-0.1305760030837413,0.42817593410741234,0.919836849731394
weekly,gilde,snow_over_1cm,0,172,-0.06064901325346339,0.4293337485373757,0.919836849731394
monthly,pooled,rain_over_10mm,1,81,0.08898366503026381,0.42954275479763854,0.919836849731394
weekly,gilde,tmax_over_30°C,0,172,0.06058399622883387,0.42982949850470303,0.919836849731394
weekly,gilde,tmin_under_-3°C,2,170,0.0607983480664915,0.4309343221268792,0.919836849731394
monthly,pooled,tmax_over_30°C,1,81,-0.08868573756720365,0.4310951993291547,0.919836849731394
weekly,gilde,gust_over_70km/h,1,171,-0.06040314207157736,0.43257255714268933,0.9212038402593828
monthly,ummels,gust_over_50km/h,2,40,-0.1272522612175989,0.43393120779880745,0.9222261299542025
weekly,ummels,tmax_under_7°C,2,161,0.06186101680649414,0.4356503394751626,0.9222261299542025
weekly,pooled,snow_over_1cm,2,331,0.042841208326551805,0.43725576387450843,0.9222261299542025
weekly,ummels,rain_over_3mm,0,163,-0.06109515275920182,0.43849810259815375,0.9222261299542025
weekly,gilde,rain_over_3mm,2,170,0.0597982173394615,0.4385674847036112,0.9222261299542025
weekly,pooled,precip_mm_sum,1,333,-0.04243989548737711,0.44017892298217653,0.9222261299542025
monthly,gilde,snow_over_0.1cm,1,40,0.125514543672758,0.4402857083018105,0.9222261299542025
weekly,ummels,gust_over_40km/h,1,162,-0.06104502956682611,0.4403040685560846,0.9222261299542025
weekly,gilde,tmax_over_30°C,1,171,-0.05935811740323486,0.44059123011436013,0.9222261299542025
weekly,gilde,tmin_under_3°C,2,170,0.05926495136419504,0.44266873344284013,0.9248164620883623
weekly,ummels,tmin_under_-1°C,1,162,-0.06024542496384635,0.4463266025390415,0.9295129652236523
monthly,gilde,tmean_under_8°C,2,39,0.12547085824994958,0.44660523033906635,0.9295129652236523
monthly,gilde,gust_over_60km/h,0,41,-0.12131751627311112,0.44989784106277464,0.9339700631919311
monthly,gilde,tmin_under_0°C,2,39,0.12442229104214848,0.45044332747948723,0.9339700631919311
weekly,ummels,wind_over_40km/h,1,162,-0.05894426763645827,0.45622537438397553,0.9434388313583277
monthly,gilde,tmax_under_9°C,2,39,0.12271687169064749,0.4567237939273285,0.9434388313583277
weekly,pooled,temp_max_c_max,2,331,0.04085509973594997,0.4588202631843449,0.9440081904098203
monthly,ummels,snow_over_1cm,1,41,0.11880497164180635,0.4594070288773498,0.9440081904098203
monthly,pooled,precip_over_10mm,1,81,0.08332453178526855,0.4595716530968789,0.9440081904098203
monthly,ummels,tmax_over_26°C,1,41,-0.1183771369723992,0.4610369529189,0.9452545347555101
monthly,ummels,tmax_over_26°C,2,40,-0.1196126790847108,0.4622456895256976,0.9459711973379054
monthly,pooled,wind_over_30km/h,2,79,-0.08350758210406985,0.4643636420133835,0.946308738047774
monthly,ummels,tmean_under_8°C,0,42,-0.11519242632825173,0.4675773830701744,0.946308738047774
weekly,gilde,snow_over_5cm,2,170,0.05571286315028761,0.47053539607453043,0.946308738047774
monthly,gilde,wind_over_30km/h,0,41,-0.11574746070666524,0.47112312889389735,0.946308738047774
weekly,pooled,tmean_under_6°C,1,333,0.03961287114320528,0.47125922430276423,0.946308738047774
monthly,ummels,tmin_under_-3°C,1,41,-0.11531933280844561,0.4727762188352848,0.946308738047774
weekly,ummels,tmax_under_7°C,1,162,-0.05654738992887022,0.47477611630113725,0.946308738047774
monthly,ummels,tmax_over_25°C,1,41,-0.11452087845200969,0.47586739470207384,0.946308738047774
weekly,pooled,rain_over_1mm,1,333,-0.039201523106706604,0.47587989888837223,0.946308738047774
monthly,pooled,gust_over_70km/h,0,83,-0.0792795737383776,0.47619229772715965,0.946308738047774
monthly,pooled,precip_over_20mm,2,79,0.08131854082182861,0.47619502080140136,0.946308738047774
monthly,pooled,rain_over_20mm,2,79,0.08131854082182861,0.47619502080140136,0.946308738047774
monthly,gilde,rain_over_2mm,0,41,-0.11424339687147478,0.47694413827956655,0.946308738047774
monthly,ummels,snow_over_0.1cm,2,40,0.11569939076333607,0.4771235717139447,0.946308738047774
monthly,pooled,tmean_under_2°C,1,81,-0.0800603745242612,0.4774029589700865,0.946308738047774
monthly,ummels,tmin_under_1°C,1,41,0.11410454051771401,0.47748343928729026,0.946308738047774
monthly,pooled,rain_over_8mm,2,79,0.08088237123843751,0.47857163618531046,0.946308738047774
monthly,gilde,tmin_under_3°C,0,41,-0.11355963779558946,0.4796028683608135,0.946308738047774
weekly,pooled,tmax_over_27°C,0,335,0.038715759967223845,0.48004452882695825,0.946308738047774
monthly,ummels,temp_max_c_max,1,41,0.11315823870657933,0.4811672809440764,0.946308738047774
monthly,pooled,rain_over_15mm,0,83,0.07835988212348442,0.48133957258044774,0.946308738047774
monthly,ummels,gust_over_80km/h,2,40,0.11433855563982849,0.4823556200242707,0.946308738047774
monthly,pooled,wind_over_35km/h,1,81,-0.07904512193568314,0.4830237752921251,0.946308738047774
monthly,gilde,precip_over_10mm,1,40,0.11395556966244393,0.48383347730002746,0.946308738047774
monthly,pooled,tmin_under_-1°C,1,81,-0.07873014022558796,0.484774768440725,0.946308738047774
weekly,ummels,gust_over_80km/h,0,163,-0.054962408419253185,0.4859031055254196,0.946308738047774
monthly,pooled,tmin_under_-1°C,2,79,0.07935371750422915,0.4869509296171971,0.946308738047774
weekly,gilde,rain_over_15mm,1,171,-0.05328181314636085,0.48885470959823135,0.946308738047774
weekly,gilde,precip_over_15mm,1,171,-0.05328181314636085,0.48885470959823135,0.946308738047774
weekly,gilde,wind_over_30km/h,1,171,-0.053265330017832235,0.48898936245238017,0.946308738047774
monthly,ummels,snow_over_2cm,1,41,0.11078077451505956,0.4904876816836537,0.946308738047774
monthly,ummels,snow_over_0.5cm,2,40,0.11214723691509525,0.49084315793990385,0.946308738047774
weekly,gilde,tmin_under_-2°C,1,171,-0.05299956523842281,0.4911631611571588,0.946308738047774
monthly,ummels,tmin_under_-3°C,0,42,-0.10874136694278544,0.4930322344945052,0.946308738047774
weekly,ummels,precip_over_5mm,0,163,-0.054056531074279865,0.4931309091801402,0.946308738047774
monthly,ummels,tmin_under_2°C,1,41,0.1100306285777459,0.4934477193807306,0.946308738047774
weekly,pooled,wind_over_25km/h,2,331,-0.03770469269235466,0.4942121020685469,0.946308738047774
weekly,ummels,tmin_under_2°C,1,162,-0.05338784977645659,0.4998435559793345,0.9524997298654396
monthly,pooled,tmax_over_27°C,0,83,-0.07509353060084581,0.4998582185180915,0.9524997298654396
monthly,pooled,tmin_under_0°C,1,81,0.07600906715468204,0.5000407301200945,0.9524997298654396
weekly,pooled,tmin_under_-3°C,1,333,-0.03700228285007652,0.5009983445532831,0.9526756085546886
weekly,ummels,precip_over_20mm,0,163,0.05284339281722429,0.5028989389956594,0.9529978172706041
weekly,ummels,rain_over_20mm,0,163,0.05284339281722429,0.5028989389956594,0.9529978172706041
monthly,ummels,wind_over_35km/h,0,42,-0.10589578839189258,0.5044830359208842,0.9543570834173427
weekly,gilde,tmax_over_24°C,1,171,-0.05119230232444021,0.506080940289329,0.9555010814002383
weekly,ummels,tmin_under_1°C,1,162,-0.05242925400516229,0.5075842230613253,0.9555010814002383
monthly,ummels,gust_over_60km/h,1,41,0.10645275214945475,0.5076913102807805,0.9555010814002383
monthly,gilde,wind_over_40km/h,0,41,-0.10623238686813212,0.5085753152865977,0.9555314370828398
weekly,gilde,wind_over_40km/h,2,170,-0.05051290099707555,0.5130046887539949,0.958069697746996
weekly,ummels,gust_over_60km/h,1,162,-0.05173009700032902,0.5132689837663216,0.958069697746996
weekly,ummels,rain_over_3mm,1,162,0.0516906850838157,0.5135904122739463,0.958069697746996
weekly,pooled,tmax_over_24°C,0,335,0.03569477436116239,0.5149902011149726,0.958069697746996
weekly,gilde,tmax_over_27°C,0,172,0.0499223360151097,0.5154617600899674,0.958069697746996
weekly,ummels,tmax_over_32°C,1,162,0.05140382155143412,0.5159330845395795,0.958069697746996
weekly,ummels,snow_over_0.5cm,1,162,-0.05139349025222631,0.516017557460462,0.958069697746996
monthly,pooled,rain_over_10mm,0,83,0.07140873309411991,0.5211861863222099,0.9641407383670652
monthly,gilde,tmin_under_-2°C,2,39,-0.10570041752608927,0.5218994595230558,0.9641407383670652
weekly,pooled,rain_mm_sum,1,333,-0.035102562769332185,0.5232460353868834,0.9641407383670652
monthly,pooled,gust_over_50km/h,2,79,-0.07260795011339052,0.5248368465378986,0.9641407383670652
monthly,gilde,tmin_under_-3°C,0,41,-0.10217007830915102,0.5250092096282154,0.9641407383670652
weekly,pooled,tmin_under_1°C,1,333,-0.03484913732895933,0.5262516098081421,0.9641407383670652
monthly,gilde,tmax_under_5°C,0,41,0.10163836440595066,0.527179395397083,0.9641407383670652
weekly,pooled,precip_over_2mm,0,335,-0.03450831772135001,0.5290658672526872,0.9641407383670652
monthly,ummels,tmax_under_3°C,0,42,-0.0998742141912629,0.5291513326099478,0.9641407383670652
monthly,gilde,tmax_over_30°C,2,39,-0.1032378634786035,0.5316963362633446,0.9641407383670652
monthly,gilde,rain_over_20mm,0,41,0.10052799740208558,0.5317254850488209,0.9641407383670652
monthly,gilde,precip_over_20mm,0,41,0.10052799740208558,0.5317254850488209,0.9641407383670652
monthly,gilde,tmax_under_7°C,2,39,0.10301540948390124,0.5325857129681485,0.9641407383670652
monthly,pooled,precip_over_10mm,0,83,0.06946458427271608,0.5326214676414004,0.9641407383670652
monthly,ummels,snow_over_0.5cm,1,41,0.09929985483291986,0.5367759062875108,0.9641407383670652
monthly,gilde,wind_over_35km/h,2,39,-0.10190900123018028,0.5370198562714439,0.9641407383670652
weekly,ummels,tmin_under_-1°C,2,161,0.04898891406077507,0.5371510135185554,0.9641407383670652
weekly,gilde,gust_over_40km/h,2,170,-0.047570652170607776,0.5378825191172614,0.9641407383670652
weekly,ummels,precip_over_2mm,0,163,-0.048562109246259116,0.5381642272130129,0.9641407383670652
monthly,pooled,tmean_under_4°C,1,81,0.06935523625523247,0.5383983067781279,0.9641407383670652
monthly,ummels,tmean_under_0°C,1,41,-0.0988947771546445,0.5384467525459298,0.9641407383670652
monthly,pooled,tmin_under_5°C,0,83,-0.06805924653969925,0.5409643897586143,0.9641407383670652
weekly,ummels,tmax_over_30°C,1,162,0.04820030657115371,0.5424625880192123,0.9641407383670652
monthly,ummels,tmax_over_28°C,2,40,-0.0991169546681371,0.5428598879039771,0.9641407383670652
monthly,gilde,precip_over_5mm,0,41,0.09776311663802681,0.54312781713352,0.9641407383670652
monthly,ummels,tmin_under_5°C,0,42,-0.09644487824869072,0.5434589937503047,0.9641407383670652
weekly,pooled,tmin_under_-1°C,2,331,0.03347757303676069,0.5438926643762881,0.9641407383670652
monthly,ummels,tmean_under_10°C,1,41,0.09740794886142692,0.544600957259468,0.9641407383670652
monthly,gilde,wind_max_kmh_mean,0,41,-0.09738675958188156,0.5446889049369342,0.9641407383670652
weekly,ummels,tmean_under_10°C,2,161,0.04798211880723445,0.5455582924638344,0.9641407383670652
weekly,gilde,wind_over_40km/h,0,172,0.04624220625887349,0.5469338774772913,0.9650227549719513
weekly,gilde,gust_over_80km/h,0,172,0.046004844406653755,0.5489956731614012,0.9662839164772137
weekly,ummels,tmax_over_27°C,1,162,0.047297073974125504,0.550062477690511,0.9662839164772137
monthly,gilde,snow_over_0.5cm,1,40,0.09724113720143973,0.5505591049472801,0.9662839164772137
monthly,ummels,tmean_under_0°C,0,42,-0.09435764096773404,0.5522569313537459,0.9662839164772137
weekly,pooled,tmax_under_5°C,1,333,-0.032620111680117206,0.5530602070645011,0.9662839164772137
monthly,gilde,precip_over_2mm,0,41,-0.09522565051339306,0.5536941800589142,0.9662839164772137
weekly,gilde,wind_over_25km/h,0,172,0.04541253110974601,0.5541572011441046,0.9662839164772137
monthly,ummels,wind_over_40km/h,0,42,-0.09378796936679783,0.5546697867516794,0.9662839164772137
weekly,ummels,precip_over_1mm,2,161,0.04675784223718141,0.5558680098608493,0.9666025363607588
weekly,ummels,tmax_over_28°C,1,162,0.04652395886279371,0.5566085450070127,0.9666025363607588
weekly,gilde,tmax_over_25°C,0,172,0.044936065620904624,0.5583262205487823,0.9680585335814321
monthly,gilde,tmax_over_22°C,0,41,0.09377885981964042,0.5597617961464548,0.9690215999327779
weekly,pooled,rain_over_15mm,1,333,-0.0318382750294775,0.5626187869935367,0.9724384371740722
monthly,pooled,gust_over_80km/h,2,79,-0.06583680211419009,0.5642981263233696,0.9737503709135447
weekly,pooled,precip_over_5mm,1,333,-0.03163258216484947,0.5651466730370164,0.9737503709135447
weekly,pooled,wind_over_40km/h,2,331,-0.031306063037644674,0.570341679382444,0.9764014265055037
monthly,gilde,tmax_under_3°C,0,41,0.09122038134342052,0.5705668627954248,0.9764014265055037
weekly,gilde,gust_over_70km/h,0,172,-0.04351780336635885,0.570824530077033,0.9764014265055037
weekly,ummels,precip_over_1mm,1,162,0.04485704632745165,0.5708491775212627,0.9764014265055037
monthly,pooled,tmax_under_5°C,0,83,0.06306536034952563,0.5711194538324653,0.9764014265055037
monthly,ummels,tmin_under_2°C,0,42,0.08922827895718351,0.5741589732400411,0.9773502985622473
weekly,ummels,snow_over_0.5cm,2,161,0.04458604318088383,0.5743853421816335,0.9773502985622473
monthly,gilde,rain_over_10mm,1,40,0.09121282510913567,0.5756453979074745,0.9773502985622473
weekly,gilde,rain_over_8mm,1,171,-0.04299314665705208,0.5766101806410011,0.9773502985622473
weekly,pooled,precip_over_15mm,1,333,-0.03068955252649728,0.5768051967723874,0.9773502985622473
monthly,pooled,rain_over_1mm,1,81,-0.06275732691629361,0.5778101767598239,0.9773502985622473
weekly,gilde,tmin_under_5°C,1,171,0.042696689787878446,0.5792439183879251,0.9773502985622473
weekly,pooled,rain_over_3mm,2,331,0.030517171638630783,0.5800992324091278,0.9773502985622473
monthly,ummels,wind_over_30km/h,0,42,-0.08763475253735362,0.5810428296261234,0.9773502985622473
weekly,gilde,tmax_over_24°C,0,172,0.042303638368904266,0.5816280544990926,0.9773502985622473
monthly,pooled,tmax_over_28°C,1,81,-0.06138998757596219,0.5861412993115327,0.9773502985622473
monthly,gilde,tmin_under_-1°C,2,39,0.08978028600302991,0.5867611697566759,0.9773502985622473
monthly,gilde,tmean_under_8°C,1,40,-0.08855098392792866,0.5868847999761952,0.9773502985622473
weekly,gilde,gust_over_70km/h,2,170,0.04173987840413493,0.5888923778090258,0.9773502985622473
weekly,pooled,tmax_over_26°C,1,333,-0.02966333501996966,0.5896189268532792,0.9773502985622473
monthly,pooled,temp_mean_c_mean,2,79,-0.061246348588120746,0.59182280609549,0.9773502985622473
weekly,pooled,tmax_over_32°C,1,333,0.029435777547675106,0.5924778909356948,0.9773502985622473
weekly,ummels,rain_over_2mm,1,162,0.04206793875310386,0.5950538910099961,0.9773502985622473
weekly,pooled,rain_over_10mm,1,333,-0.02921238076135692,0.5952907223874921,0.9773502985622473
monthly,ummels,tmax_over_22°C,2,40,0.08639257836478892,0.5960694619435029,0.9773502985622473
weekly,gilde,gust_over_50km/h,0,172,0.0406843502068096,0.5961819549540631,0.9773502985622473
monthly,pooled,tmax_over_25°C,1,81,-0.05965486218619108,0.5967912763365217,0.9773502985622473
weekly,ummels,tmax_under_5°C,2,161,0.041982632669921936,0.5969564099456296,0.9773502985622473
monthly,gilde,rain_over_10mm,0,41,0.08478151560610664,0.5981736259113312,0.9773502985622473
weekly,ummels,rain_over_0.5mm,0,163,0.04138260855421878,0.599933249761273,0.9773502985622473
monthly,pooled,wind_max_kmh_mean,2,79,-0.05983446932814022,0.6004084068217597,0.9773502985622473
monthly,gilde,snow_over_1cm,1,40,0.0849156950582606,0.6023900287316172,0.9773502985622473
monthly,gilde,rain_over_5mm,0,41,0.08351133356459922,0.6036875736273154,0.9773502985622473
weekly,ummels,snow_over_2cm,2,161,-0.04121159033902601,0.6037171058812882,0.9773502985622473
monthly,ummels,wind_max_kmh_mean,0,42,-0.08240823272020097,0.6038772546278453,0.9773502985622473
weekly,ummels,gust_over_50km/h,2,161,-0.04098428386724736,0.6057166722289892,0.9773502985622473
weekly,ummels,tmax_over_32°C,0,163,-0.040704999156397144,0.6059235012561459,0.9773502985622473
weekly,ummels,tmax_over_25°C,1,162,0.04068500654599692,0.6072249992602693,0.9773502985622473
monthly,pooled,precip_over_1mm,1,81,-0.05791503711777168,0.6075559708053061,0.9773502985622473
monthly,gilde,tmin_under_-2°C,1,40,-0.08311666464563876,0.6101281599017123,0.9773502985622473
weekly,gilde,tmax_over_26°C,2,170,0.039357055574873276,0.6103564523690562,0.9773502985622473
monthly,gilde,tmax_over_32°C,2,39,0.08412656785179598,0.6106251792469054,0.9773502985622473
monthly,ummels,tmin_under_-2°C,2,40,0.08292677618120202,0.6109473891124392,0.9773502985622473
weekly,ummels,rain_over_2mm,0,163,-0.03980596657000222,0.6139118453627426,0.9773502985622473
monthly,gilde,tmax_under_7°C,1,40,-0.08157635758413775,0.6167868967265026,0.9773502985622473
monthly,gilde,tmax_under_5°C,1,40,0.0813271898020692,0.6178669147583614,0.9773502985622473
monthly,ummels,snow_over_0.1cm,1,41,0.08006325640154793,0.6187652808330264,0.9773502985622473
monthly,ummels,wind_over_25km/h,0,42,-0.07893990517431534,0.6192407600473104,0.9773502985622473
weekly,ummels,tmin_under_-3°C,2,161,0.03929657159083331,0.620653994393196,0.9773502985622473
monthly,ummels,rain_over_10mm,1,41,0.07891873012010367,0.6238047468822179,0.9773502985622473
monthly,pooled,tmin_under_5°C,2,79,-0.05594205619405731,0.624358751679011,0.9773502985622473
monthly,gilde,tmean_under_10°C,1,40,-0.07949181934853163,0.6258466533562076,0.9773502985622473
weekly,ummels,precip_over_2mm,2,161,0.03860070030535039,0.6268587796771901,0.9773502985622473
monthly,ummels,wind_max_kmh_max,0,42,-0.0772222672392837,0.6269095159758573,0.9773502985622473
monthly,ummels,rain_over_1mm,0,42,0.07716625192825727,0.627160268196347,0.9773502985622473
weekly,gilde,tmax_over_30°C,2,170,-0.03738485771591275,0.6283774433200383,0.9773502985622473
monthly,pooled,tmax_over_24°C,2,79,-0.05487230706913182,0.6310112046729414,0.9773502985622473
monthly,gilde,temp_max_c_max,2,39,-0.0785464852466022,0.6345740553189082,0.9773502985622473
weekly,gilde,tmean_under_4°C,2,170,0.03657058997763184,0.6358831607709691,0.9773502985622473
monthly,pooled,rain_over_5mm,0,83,0.05258240159610857,0.6368481195745074,0.9773502985622473
weekly,ummels,wind_max_kmh_max,2,161,-0.03746136863802641,0.6370742396364892,0.9773502985622473
monthly,ummels,wind_over_35km/h,1,41,0.07570111408589407,0.6380625588021611,0.9773502985622473
monthly,ummels,gust_over_60km/h,2,40,0.07658345854238298,0.6385777836962188,0.9773502985622473
weekly,pooled,rain_over_8mm,1,333,-0.025798774969237003,0.6390043861110651,0.9773502985622473
weekly,gilde,temp_max_c_max,2,170,-0.03588193159299423,0.642260137451524,0.9773502985622473
monthly,ummels,tmax_under_7°C,1,41,0.07462490631551995,0.6428606123525699,0.9773502985622473
monthly,pooled,tmax_over_32°C,2,79,0.05274888682855048,0.6443029062139595,0.9773502985622473
monthly,ummels,wind_max_kmh_max,1,41,0.0740418118466899,0.6454662285183078,0.9773502985622473
monthly,pooled,tmax_over_22°C,2,79,-0.05249017481786117,0.6459300890403669,0.9773502985622473
monthly,ummels,gust_over_40km/h,2,40,-0.0748075958689613,0.6464023850474668,0.9773502985622473
monthly,ummels,temp_mean_c_mean,0,42,0.07284660886475974,0.6466201108539371,0.9773502985622473
weekly,pooled,precip_over_10mm,1,333,-0.025188137264635792,0.6469634475456596,0.9773502985622473
weekly,pooled,precip_over_1mm,0,335,-0.024978379780316855,0.6487195954747255,0.9773502985622473
weekly,gilde,tmean_under_10°C,1,171,-0.03507702383372624,0.6487729613767117,0.9773502985622473
monthly,pooled,precip_over_5mm,1,81,0.051175748548016015,0.6500300121922282,0.9773502985622473
monthly,gilde,tmax_under_3°C,2,39,0.07489947165433126,0.6504291036628295,0.9773502985622473
monthly,ummels,gust_over_70km/h,2,40,0.07383745841425471,0.6506928716776619,0.9773502985622473
monthly,ummels,snow_over_2cm,0,42,-0.07184822974325696,0.6511516676142186,0.9773502985622473
monthly,ummels,tmin_under_-1°C,2,40,0.07356263132515854,0.6519103396449007,0.9773502985622473
monthly,ummels,gust_over_50km/h,1,41,-0.07215057949605055,0.6539460767900296,0.9773502985622473
weekly,pooled,tmean_under_0°C,1,333,-0.024605524599865303,0.6545949049816424,0.9773502985622473
monthly,gilde,precip_over_1mm,1,40,-0.07281599237563216,0.6552223984078609,0.9773502985622473
monthly,pooled,gust_over_60km/h,0,83,-0.04969153277154605,0.6555094704566524,0.9773502985622473
monthly,gilde,rain_over_1mm,1,40,-0.07237059590790405,0.6572012681942624,0.9773502985622473
monthly,pooled,tmax_over_26°C,0,83,-0.04906985180530472,0.6595508297898607,0.9773502985622473
weekly,ummels,tmin_under_1°C,2,161,0.03489733973488155,0.660312832613617,0.9773502985622473
weekly,pooled,tmax_over_22°C,0,335,0.02407413813718668,0.660628388686706,0.9773502985622473
weekly,pooled,rain_over_5mm,1,333,-0.02405716295776245,0.6618107099561203,0.9773502985622473
monthly,pooled,tmax_over_32°C,0,83,0.04834698173340363,0.6642622726949795,0.9773502985622473
monthly,gilde,rain_over_15mm,2,39,0.07163712512859062,0.6647418178620986,0.9773502985622473
monthly,gilde,precip_over_15mm,2,39,0.07163712512859062,0.6647418178620986,0.9773502985622473
weekly,gilde,temp_max_c_max,1,171,0.033339673349015705,0.6650907062613999,0.9773502985622473
monthly,ummels,rain_over_3mm,1,41,-0.06964481767141409,0.6652476312275015,0.9773502985622473
weekly,ummels,gust_over_80km/h,1,162,-0.034090410610054744,0.6667117035988952,0.9773502985622473
monthly,ummels,precip_over_20mm,0,42,-0.06843574609212774,0.6667336517581881,0.9773502985622473
monthly,ummels,rain_over_20mm,0,42,-0.06843574609212774,0.6667336517581881,0.9773502985622473
weekly,gilde,tmax_over_22°C,0,172,-0.03300039697087832,0.6673721616729023,0.9773502985622473
weekly,gilde,gust_over_60km/h,0,172,0.03271847943751413,0.6700466250610067,0.9773502985622473
weekly,gilde,tmax_under_9°C,1,171,0.03270143707037376,0.6711254608479771,0.9773502985622473
weekly,ummels,rain_over_1mm,2,161,0.03371564604860558,0.671134884018644,0.9773502985622473
monthly,pooled,tmin_under_2°C,1,81,0.047202000384433625,0.6756192266893715,0.9773502985622473
monthly,gilde,rain_over_8mm,0,41,0.06735601846654002,0.6756349786111652,0.9773502985622473
monthly,gilde,gust_over_70km/h,2,39,-0.06901025993989554,0.6763526076184134,0.9773502985622473
monthly,pooled,rain_over_2mm,0,83,-0.04647061699525177,0.6765523675826937,0.9773502985622473
monthly,pooled,tmin_under_1°C,0,83,-0.04640000520366577,0.6770165514117399,0.9773502985622473
weekly,gilde,tmax_over_24°C,2,170,0.03197127888559943,0.6789584850593752,0.9773502985622473
weekly,gilde,precip_over_10mm,2,170,-0.03189942497409655,0.6796402230736204,0.9773502985622473
weekly,ummels,tmax_under_9°C,0,163,0.03249212782006346,0.6805241652437641,0.9773502985622473
weekly,gilde,wind_max_kmh_max,0,172,0.03157626627018222,0.6809246259253673,0.9773502985622473
weekly,ummels,tmax_over_24°C,0,163,0.03242796096000175,0.6811206389787723,0.9773502985622473
monthly,ummels,precip_mm_sum,2,40,0.06697936210131332,0.6813339163273452,0.9773502985622473
monthly,pooled,precip_over_1mm,0,83,-0.04568189639985884,0.6817440277872937,0.9773502985622473
monthly,ummels,rain_over_0.5mm,0,42,0.06517510262982901,0.6817527601868613,0.9773502985622473
monthly,pooled,tmean_under_4°C,0,83,0.04518195119812759,0.6850425507829582,0.9773502985622473
weekly,pooled,tmin_under_-1°C,1,333,-0.022217394060893535,0.6862459964294935,0.9773502985622473
weekly,ummels,tmax_over_28°C,0,163,0.03174236994768546,0.6875059318505798,0.9773502985622473
monthly,pooled,rain_over_8mm,0,83,0.044571069419505796,0.6890810159499368,0.9773502985622473
weekly,pooled,wind_max_kmh_max,2,331,-0.0220540753034577,0.6893263195140548,0.9773502985622473
monthly,gilde,snow_over_0.5cm,0,41,0.06429741198523772,0.6896088530311717,0.9773502985622473
weekly,pooled,rain_over_3mm,0,335,-0.021686084035072797,0.6924861492868971,0.9773502985622473
monthly,ummels,rain_over_10mm,2,40,0.06367396981150453,0.6962879929108468,0.9773502985622473
weekly,pooled,precip_over_10mm,0,335,-0.02139658875525946,0.6963866199336151,0.9773502985622473
monthly,pooled,precip_mm_sum,0,83,0.043428067671382395,0.6966605862880364,0.9773502985622473
weekly,pooled,gust_over_50km/h,2,331,-0.021503090184927416,0.6966995735278315,0.9773502985622473
weekly,pooled,tmax_over_26°C,0,335,-0.021267041570104932,0.6981346535996508,0.9773502985622473
weekly,gilde,rain_over_20mm,1,171,0.029866315919646103,0.6981827539968286,0.9773502985622473
weekly,gilde,precip_over_20mm,1,171,0.029866315919646103,0.6981827539968286,0.9773502985622473
monthly,ummels,precip_over_10mm,0,42,0.06125765810833892,0.6999584770319577,0.9773502985622473
monthly,pooled,temp_max_c_max,1,81,0.04286407931708813,0.7039785471889148,0.9773502985622473
weekly,pooled,rain_over_10mm,0,335,-0.020678022925432107,0.7061025211481333,0.9773502985622473
monthly,pooled,tmin_under_-3°C,2,79,-0.0428677676167552,0.7075738612201502,0.9773502985622473
monthly,pooled,tmin_under_-2°C,1,81,-0.04177454029125242,0.7111672238641229,0.9773502985622473
monthly,gilde,gust_over_60km/h,2,39,-0.06120435374082509,0.7112836578216549,0.9773502985622473
monthly,ummels,tmax_under_5°C,0,42,0.058774259488084034,0.7115869725375575,0.9773502985622473
monthly,ummels,tmean_under_8°C,1,41,0.059389095733054606,0.7122459059696599,0.9773502985622473
monthly,pooled,rain_over_1mm,0,83,-0.04105821407012873,0.7124700550870177,0.9773502985622473
monthly,pooled,precip_over_2mm,0,83,-0.04096071995187034,0.7131231045126064,0.9773502985622473
monthly,ummels,tmin_under_3°C,0,42,0.05842878037723963,0.7132098728135781,0.9773502985622473
monthly,gilde,precip_over_10mm,0,41,0.05899350835091498,0.7140813116322954,0.9773502985622473
weekly,pooled,rain_over_5mm,0,335,0.02001355154680892,0.7151296767481709,0.9773502985622473
weekly,pooled,tmax_over_25°C,1,333,-0.020053413795038253,0.7154091927938923,0.9773502985622473
weekly,ummels,rain_over_2mm,2,161,0.02881838214825566,0.7166867088277479,0.9773502985622473
monthly,gilde,tmean_under_2°C,0,41,0.05824346588701138,0.7175656420033756,0.9773502985622473
weekly,ummels,rain_over_20mm,2,161,-0.028659168696741306,0.7181855878083857,0.9773502985622473
weekly,ummels,precip_over_20mm,2,161,-0.028659168696741306,0.7181855878083857,0.9773502985622473
monthly,ummels,tmax_under_9°C,0,42,0.05727104089813326,0.718657468019755,0.9773502985622473
monthly,gilde,rain_over_8mm,1,40,-0.05870478584166836,0.7189825641697188,0.9773502985622473
weekly,pooled,tmax_over_24°C,1,333,-0.01972567994926031,0.719863491898055,0.9773502985622473
monthly,ummels,tmin_under_5°C,1,41,0.057719279507229805,0.7200041167973424,0.9773502985622473
weekly,ummels,tmax_over_26°C,0,163,-0.028255619556880725,0.7203142339562298,0.9773502985622473
monthly,ummels,wind_over_30km/h,2,40,-0.058190494446578284,0.7213453996690904,0.9773502985622473
weekly,gilde,wind_over_30km/h,2,170,0.027443207484733636,0.7224078293735577,0.9773502985622473
weekly,gilde,tmean_under_0°C,1,171,-0.027309895472865234,0.7229117530915058,0.9773502985622473
monthly,ummels,precip_over_10mm,2,40,0.057585778166885565,0.7241269465801666,0.9773502985622473
weekly,ummels,tmax_over_22°C,1,162,-0.027919360861575954,0.7243339841284246,0.9773502985622473
weekly,ummels,rain_mm_sum,1,162,0.027842364907449554,0.7250636246437447,0.9773502985622473
weekly,ummels,tmax_under_9°C,2,161,0.027809188615765392,0.7262055941516093,0.9773502985622473
monthly,ummels,tmax_over_27°C,0,42,0.05551659162358543,0.7269390037487922,0.9773502985622473
weekly,ummels,precip_over_15mm,1,162,-0.027524668646829543,0.7280768346846186,0.9773502985622473
weekly,ummels,tmean_under_0°C,1,162,-0.02741194563090084,0.7291469674425836,0.9773502985622473
monthly,pooled,rain_over_0.5mm,1,81,-0.0390655447329119,0.7291492619099581,0.9773502985622473
weekly,ummels,tmax_over_32°C,2,161,0.027494070363939242,0.7291865246577087,0.9773502985622473
weekly,gilde,tmean_under_4°C,1,171,0.026539713154720583,0.730419926426268,0.9773502985622473
monthly,ummels,rain_over_1mm,1,41,-0.055245733575478316,0.7315474704245474,0.9773502985622473
weekly,pooled,tmin_under_0°C,1,333,-0.018839481083289533,0.731955125423552,0.9773502985622473
monthly,ummels,wind_over_25km/h,1,41,-0.05506425745959022,0.7323967086877523,0.9773502985622473
weekly,ummels,rain_over_10mm,0,163,0.026954917866469568,0.7326888330671341,0.9773502985622473
monthly,pooled,tmean_under_0°C,0,83,0.03797554024352134,0.7332167283763547,0.9773502985622473
monthly,pooled,tmax_over_26°C,1,81,-0.03823965303799341,0.7346611741368555,0.9773502985622473
monthly,pooled,tmin_under_1°C,1,81,0.03787098817065167,0.7371259578183871,0.9773502985622473
weekly,gilde,tmax_over_28°C,1,171,-0.025728044920195245,0.7383603194241662,0.9773502985622473
weekly,pooled,tmin_under_5°C,1,333,0.01830925523537862,0.7392217611615195,0.9773502985622473
weekly,gilde,tmax_over_22°C,1,171,0.025511969501317008,0.7404788538459661,0.9773502985622473
weekly,gilde,precip_over_5mm,0,172,0.025435577157451223,0.7404891797823183,0.9773502985622473
weekly,gilde,precip_over_1mm,0,172,-0.025432629141983708,0.7405181831764202,0.9773502985622473
monthly,ummels,tmean_under_10°C,0,42,-0.05229821205476552,0.7422101894094176,0.9773502985622473
monthly,pooled,wind_over_45km/h,0,83,-0.03660806963021861,0.7424825645379262,0.9773502985622473
weekly,pooled,tmean_under_8°C,1,333,0.01793847476055222,0.7443170830104928,0.9773502985622473
monthly,ummels,rain_over_5mm,0,42,-0.05173113875172098,0.744911284272816,0.9773502985622473
monthly,gilde,tmin_under_0°C,0,41,-0.052356774504048256,0.7451035793541598,0.9773502985622473
monthly,ummels,rain_over_10mm,0,42,0.05167102159065351,0.7451978131523427,0.9773502985622473
monthly,gilde,precip_over_5mm,1,40,0.05250309164002619,0.7476412254138215,0.9773502985622473
weekly,gilde,gust_over_40km/h,0,172,-0.024552070025798164,0.7491975617950845,0.9773502985622473
monthly,gilde,rain_over_15mm,1,40,0.05205892959195717,0.74970717635551,0.9773502985622473
monthly,gilde,precip_over_15mm,1,40,0.05205892959195717,0.74970717635551,0.9773502985622473
weekly,gilde,precip_over_20mm,0,172,-0.02440261690044093,0.7506738364591451,0.9773502985622473
weekly,gilde,rain_over_20mm,0,172,-0.02440261690044093,0.7506738364591451,0.9773502985622473
monthly,ummels,snow_over_1cm,2,40,0.05184831066441148,0.7506874414543581,0.9773502985622473
monthly,gilde,tmin_under_5°C,1,40,-0.051669000224952286,0.7515222948526776,0.9773502985622473
monthly,gilde,wind_over_40km/h,1,40,0.05147550631105063,0.7524234984642635,0.9773502985622473
monthly,ummels,rain_mm_sum,2,40,0.05121951219512196,0.7536162964015737,0.9773502985622473
monthly,pooled,tmax_under_9°C,0,83,-0.034538952432512725,0.7565721835581336,0.9773502985622473
weekly,gilde,tmin_under_1°C,1,171,-0.02371702981267506,0.7581516087073176,0.9773502985622473
monthly,ummels,precip_over_5mm,2,40,0.05020410349135658,0.7583531035935703,0.9773502985622473
weekly,gilde,precip_over_2mm,0,172,-0.023603107031280237,0.7585865228849916,0.9773502985622473
weekly,ummels,rain_over_15mm,0,163,0.02420350029322781,0.759089670398226,0.9773502985622473
monthly,ummels,precip_over_1mm,1,41,-0.0492374774410108,0.7598260623663842,0.9773502985622473
weekly,pooled,gust_over_60km/h,2,331,0.01679817186579125,0.7607612468497718,0.9773502985622473
weekly,pooled,tmax_under_7°C,1,333,0.016707380763324193,0.7613138952637993,0.9773502985622473
monthly,gilde,tmin_under_1°C,1,40,-0.04955040564057108,0.7614071817338941,0.9773502985622473
monthly,gilde,wind_over_25km/h,2,39,-0.05022022286685793,0.7614228455518536,0.9773502985622473
weekly,ummels,tmax_over_26°C,1,162,0.023952643508928877,0.7622328005703154,0.9773502985622473
weekly,pooled,tmean_under_10°C,1,333,-0.01663960208399505,0.7622530891511401,0.9773502985622473
monthly,ummels,precip_over_5mm,1,41,0.04836180147380199,0.763974414349874,0.9773502985622473
weekly,pooled,tmean_under_4°C,1,333,0.016458599248393366,0.7647629098696681,0.9773502985622473
weekly,gilde,gust_over_80km/h,2,170,0.02295764946913771,0.7663429434336171,0.9773502985622473
monthly,gilde,tmin_under_3°C,1,40,0.04778966217521363,0.7696510271982631,0.9773502985622473
monthly,pooled,tmean_under_10°C,2,79,0.03345129027723896,0.7697786768074969,0.9773502985622473
monthly,pooled,tmin_under_2°C,0,83,-0.03248437802502016,0.7706418086203106,0.9773502985622473
weekly,ummels,tmax_over_27°C,0,163,0.022962674028384807,0.771089579225907,0.9773502985622473
monthly,gilde,temp_max_c_max,1,40,-0.04746939355097857,0.7711532524787509,0.9773502985622473
monthly,pooled,gust_over_40km/h,2,79,0.03323674910424097,0.7712147240543292,0.9773502985622473
weekly,pooled,rain_mm_sum,0,335,0.015839067604070747,0.7727060626844429,0.9773502985622473
monthly,pooled,tmax_under_3°C,0,83,-0.03215972248838138,0.7728719571921421,0.9773502985622473
weekly,pooled,tmax_over_25°C,0,335,0.015805176861829594,0.7731791285513949,0.9773502985622473
weekly,ummels,tmin_under_-2°C,2,161,0.022883338717464743,0.7732454416347655,0.9773502985622473
monthly,gilde,tmean_under_0°C,2,39,0.04754040397307804,0.7738115942411785,0.9773502985622473
weekly,pooled,precip_over_20mm,0,335,0.015707096347635792,0.774548663206322,0.9773502985622473
weekly,pooled,rain_over_20mm,0,335,0.015707096347635792,0.774548663206322,0.9773502985622473
weekly,pooled,precip_over_5mm,0,335,-0.01569777064943293,0.774678917833439,0.9773502985622473
monthly,ummels,precip_over_1mm,0,42,0.045152403190068115,0.7764602506025222,0.9773502985622473
weekly,ummels,gust_over_60km/h,2,161,0.02253453314258793,0.7766101945591706,0.9773502985622473
weekly,gilde,tmin_under_-1°C,2,170,0.021866800126444652,0.7771473014998,0.9773502985622473
weekly,pooled,tmin_under_2°C,1,333,-0.015459055937715073,0.7786664336059954,0.9773502985622473
monthly,ummels,rain_over_0.5mm,2,40,0.04570410055170152,0.7794480422398117,0.9773502985622473
weekly,pooled,snow_over_5cm,2,331,-0.015366484949251741,0.7806074388631815,0.9773502985622473
monthly,ummels,precip_over_2mm,1,41,-0.044703937906229264,0.7813721217158507,0.9773502985622473
weekly,ummels,tmin_under_3°C,1,162,0.021923929115859168,0.7818426605188566,0.9773502985622473
weekly,ummels,rain_over_15mm,1,162,-0.02183216255446037,0.7827330497231898,0.9773502985622473
monthly,gilde,tmean_under_4°C,1,40,-0.04478451015958675,0.783778662625631,0.9773502985622473
monthly,ummels,tmax_over_26°C,0,42,0.043512152666498057,0.7843840090002113,0.9773502985622473
monthly,pooled,tmin_under_-2°C,2,79,-0.031237976690690977,0.7846300032819191,0.9773502985622473
weekly,ummels,rain_over_5mm,0,163,-0.021483527748936783,0.7854652563354233,0.9773502985622473
monthly,gilde,rain_over_15mm,0,41,-0.04334300634771651,0.7878724824469693,0.9773502985622473
monthly,gilde,precip_over_15mm,0,41,-0.04334300634771651,0.7878724824469693,0.9773502985622473
monthly,gilde,gust_over_80km/h,0,41,-0.043294406985764276,0.7881048783185548,0.9773502985622473
weekly,pooled,wind_over_40km/h,0,335,-0.014733583589625338,0.7881794197817422,0.9773502985622473
monthly,pooled,tmean_under_10°C,1,81,0.03028848694916136,0.7883752434388701,0.9773502985622473
monthly,ummels,precip_over_15mm,0,42,0.04249859399551451,0.7892911562426251,0.9773502985622473
monthly,gilde,rain_over_0.5mm,1,40,-0.043537416163835184,0.7896618559214765,0.9773502985622473
monthly,ummels,tmax_over_30°C,2,40,-0.04340661964538354,0.7902795649126566,0.9773502985622473
monthly,gilde,precip_mm_sum,0,41,0.042682926829268296,0.7910304400286465,0.9773502985622473
weekly,gilde,wind_over_35km/h,2,170,0.02033177833346753,0.7924231621531111,0.9773502985622473
weekly,ummels,tmax_under_9°C,1,162,-0.020831039867512294,0.7924647912855889,0.9773502985622473
weekly,gilde,tmax_under_5°C,1,171,0.020238538427787715,0.7927517488521384,0.9773502985622473
weekly,ummels,rain_mm_sum,0,163,0.020679904151434066,0.7933064340915901,0.9773502985622473
weekly,gilde,snow_over_5cm,1,171,-0.019964150781536526,0.7954993237366228,0.9773502985622473
monthly,ummels,wind_over_40km/h,2,40,-0.042165099571768394,0.796149105272931,0.9773502985622473
weekly,ummels,tmean_under_8°C,1,162,0.02039988936267968,0.796665914584357,0.9773502985622473
monthly,ummels,gust_over_50km/h,0,42,-0.04061119712487665,0.798450316975158,0.9773502985622473
weekly,gilde,tmax_over_27°C,2,170,-0.019722467784040035,0.7985090714961974,0.9773502985622473
weekly,gilde,wind_over_25km/h,2,170,-0.019693590003696287,0.7987978127595641,0.9773502985622473
weekly,pooled,rain_over_3mm,1,333,-0.013961429253325738,0.7996295683654283,0.9773502985622473
weekly,pooled,rain_over_20mm,2,331,-0.013690169524628353,0.8040259363628792,0.9773502985622473
weekly,pooled,precip_over_20mm,2,331,-0.013690169524628353,0.8040259363628792,0.9773502985622473
weekly,pooled,tmax_over_27°C,1,333,0.013596463673845182,0.804760687410322,0.9773502985622473
monthly,ummels,precip_over_10mm,1,41,0.0395133162388774,0.8062396339884168,0.9773502985622473
monthly,ummels,tmin_under_5°C,2,40,0.03991387418772374,0.806820312213628,0.9773502985622473
monthly,pooled,rain_mm_sum,0,83,0.02713991855925444,0.8075782207436948,0.9773502985622473
weekly,ummels,precip_over_2mm,1,162,0.018936720858384624,0.8109658877560638,0.9773502985622473
monthly,gilde,tmax_under_7°C,0,41,0.038491570361667844,0.8111577608859741,0.9773502985622473
weekly,ummels,precip_over_10mm,0,163,0.01870789010753095,0.8126343253637466,0.9773502985622473
weekly,gilde,tmax_over_27°C,1,171,-0.018199138598070676,0.8132319686024384,0.9773502985622473
weekly,gilde,rain_over_0.5mm,0,172,-0.018094499337161757,0.8137461671686257,0.9773502985622473
weekly,ummels,temp_mean_c_mean,2,161,0.01865368260703453,0.8143136000913027,0.9773502985622473
weekly,pooled,precip_mm_sum,0,335,-0.01279972855976702,0.8154450662969309,0.9773502985622473
weekly,gilde,gust_over_60km/h,2,170,0.018003778847132085,0.8157400175829629,0.9773502985622473
weekly,ummels,precip_over_1mm,0,163,-0.018353468210169234,0.816120433969557,0.9773502985622473
weekly,pooled,precip_over_20mm,1,333,0.012660361285486062,0.8179593554233185,0.9773502985622473
weekly,pooled,rain_over_20mm,1,333,0.012660361285486062,0.8179593554233185,0.9773502985622473
monthly,gilde,snow_over_1cm,0,41,0.03670054732191648,0.8197959642821462,0.9773502985622473
weekly,gilde,rain_over_3mm,0,172,0.01744200918102466,0.8203467063222376,0.9773502985622473
monthly,ummels,gust_over_60km/h,0,42,0.035953459787740755,0.8211654328923569,0.9773502985622473
monthly,pooled,wind_over_40km/h,2,79,-0.025760362912040983,0.8217062315323908,0.9773502985622473
weekly,ummels,rain_over_8mm,0,163,0.017696297852880682,0.8225938883222408,0.9773502985622473
weekly,gilde,tmin_under_0°C,1,171,0.016855088244580752,0.8267997691376668,0.9773502985622473
weekly,pooled,tmin_under_-2°C,2,331,0.012008739136644343,0.8276930997062779,0.9773502985622473
weekly,pooled,tmin_under_3°C,1,333,0.011875459460483639,0.8290660551493998,0.9773502985622473
monthly,pooled,temp_mean_c_mean,1,81,-0.024051490514905148,0.8312257446127111,0.9773502985622473
weekly,gilde,precip_mm_sum,0,172,-0.016270401383050546,0.8322300136470113,0.9773502985622473
monthly,gilde,rain_mm_sum,1,40,-0.03452157598499063,0.8325180625582121,0.9773502985622473
weekly,gilde,tmax_under_3°C,1,171,-0.01619929868105484,0.8334386908160293,0.9773502985622473
monthly,gilde,wind_max_kmh_mean,2,39,0.03461538461538462,0.834290331665916,0.9773502985622473
monthly,ummels,rain_over_2mm,1,41,-0.033459680029399926,0.8354797119186792,0.9773502985622473
weekly,ummels,precip_mm_sum,1,162,0.01631336795756395,0.8367587714886595,0.9773502985622473
monthly,ummels,wind_over_30km/h,1,41,0.03308751487699588,0.8372849073379307,0.9773502985622473
monthly,ummels,gust_over_40km/h,0,42,0.03259019437029944,0.8376589018988169,0.9773502985622473
monthly,gilde,tmax_over_26°C,1,40,0.03326245771968937,0.8385444336152842,0.9773502985622473
monthly,gilde,temp_mean_c_mean,1,40,-0.033020637898686686,0.8397028799000186,0.9773502985622473
monthly,pooled,wind_max_kmh_max,1,81,-0.022809394760614273,0.8398228166025706,0.9773502985622473
weekly,gilde,tmin_under_2°C,1,171,0.015563534612343347,0.8398861446983734,0.9773502985622473
weekly,gilde,rain_over_2mm,0,172,0.015486394717650672,0.8402034404199957,0.9773502985622473
weekly,pooled,rain_over_0.5mm,0,335,0.011038618426385751,0.8404711598179435,0.9773502985622473
weekly,ummels,tmax_over_24°C,1,162,0.015848141102979173,0.8413519407650171,0.9773502985622473
weekly,gilde,wind_over_30km/h,0,172,-0.015193623142807307,0.8431851751875292,0.9773502985622473
monthly,pooled,wind_over_35km/h,2,79,0.022569187880083566,0.8434933609166202,0.9773502985622473
weekly,gilde,wind_over_35km/h,1,171,-0.015180140409313559,0.8437794299642682,0.9773502985622473
monthly,ummels,temp_mean_c_mean,2,40,-0.03208255159474672,0.8441999491789742,0.9773502985622473
monthly,ummels,tmax_over_25°C,2,40,-0.03200213129631394,0.8445857031703471,0.9773502985622473
weekly,pooled,wind_over_30km/h,2,331,0.010801103266510017,0.8447892796319312,0.9773502985622473
weekly,gilde,precip_over_15mm,0,172,-0.014971397396938882,0.8454499260115762,0.9773502985622473
weekly,gilde,rain_over_15mm,0,172,-0.014971397396938882,0.8454499260115762,0.9773502985622473
monthly,gilde,gust_over_50km/h,2,39,-0.032220495462187804,0.845611636714519,0.9773502985622473
monthly,ummels,tmax_over_32°C,1,41,-0.03135335902218535,0.8457071852457212,0.9773502985622473
monthly,gilde,precip_over_2mm,1,40,0.03152561511689431,0.8468721510159769,0.9773502985622473
monthly,gilde,rain_over_3mm,0,41,-0.03110433530549637,0.8469180344367577,0.9773502985622473
weekly,pooled,gust_over_80km/h,2,331,0.01059209701215502,0.8477557644195127,0.9773502985622473
weekly,gilde,tmax_over_32°C,2,170,-0.014757237105676156,0.848524311483331,0.9773502985622473
weekly,gilde,tmin_under_0°C,2,170,0.014727225008908287,0.8488286870756464,0.9773502985622473
monthly,pooled,tmax_over_32°C,1,81,-0.02134160602573381,0.8500061433946816,0.9773502985622473
weekly,gilde,rain_over_10mm,2,170,-0.014577745565724876,0.8503450040887613,0.9773502985622473
weekly,ummels,rain_over_1mm,0,163,0.014754466716460373,0.8517132447777201,0.9773502985622473
monthly,ummels,rain_over_8mm,1,41,0.029228324075506355,0.8560509016879309,0.9773502985622473
monthly,gilde,snow_over_5cm,0,41,-0.028931715791148758,0.857496590315795,0.9773502985622473
monthly,gilde,tmax_over_27°C,1,40,-0.029299291028179464,0.8575707409444032,0.9773502985622473
monthly,pooled,snow_over_2cm,0,83,-0.019240267445615238,0.8629306442509989,0.9773502985622473
monthly,pooled,rain_over_20mm,0,83,0.019111166525629355,0.8638415269352933,0.9773502985622473
monthly,pooled,precip_over_20mm,0,83,0.019111166525629355,0.8638415269352933,0.9773502985622473
weekly,ummels,temp_mean_c_mean,1,162,0.013468151272901008,0.8649300184777474,0.9773502985622473
monthly,ummels,rain_over_0.5mm,1,41,-0.02736264425449511,0.8651518855881418,0.9773502985622473
monthly,pooled,rain_over_0.5mm,0,83,-0.01872631686107344,0.866557916366883,0.9773502985622473
monthly,gilde,rain_over_3mm,1,40,0.02711578204994778,0.8680880471245794,0.9773502985622473
monthly,pooled,tmax_under_5°C,1,81,0.018731071779714756,0.8681774295279887,0.9773502985622473
monthly,pooled,gust_over_80km/h,0,83,-0.018382594441401907,0.868985326056209,0.9773502985622473
weekly,ummels,precip_over_15mm,0,163,-0.012901382131844675,0.8701617767696169,0.9773502985622473
weekly,pooled,tmax_under_9°C,1,333,0.008883088385695624,0.8717037093382058,0.9773502985622473
monthly,gilde,tmax_over_22°C,1,40,-0.026175254718668124,0.8726253076797083,0.9773502985622473
weekly,pooled,tmax_over_28°C,1,333,0.008801890306102561,0.872866457238926,0.9773502985622473
weekly,gilde,tmax_over_26°C,0,172,-0.012227888592190728,0.8735082861963372,0.9773502985622473
weekly,pooled,rain_over_2mm,0,335,-0.008708279133591007,0.8738304389475768,0.9773502985622473
weekly,ummels,tmean_under_0°C,2,161,0.012478182037615575,0.8751638249870316,0.9773502985622473
weekly,ummels,rain_over_5mm,1,162,0.012406276854541109,0.87548964641591,0.9773502985622473
monthly,pooled,precip_over_15mm,0,83,0.017270833983662647,0.8768449039453113,0.9773502985622473
weekly,ummels,wind_over_40km/h,2,161,-0.01220384699181265,0.8778868034806648,0.9773502985622473
monthly,gilde,tmax_under_9°C,1,40,-0.025003165998266963,0.8782852772263591,0.9773502985622473
monthly,gilde,tmax_over_24°C,0,41,0.024309738394565877,0.8800809017998942,0.9773502985622473
monthly,pooled,rain_over_8mm,1,81,-0.016991606500980437,0.8803240607041378,0.9773502985622473
monthly,ummels,gust_over_80km/h,0,42,0.02386361450690906,0.8807583808665367,0.9773502985622473
monthly,ummels,precip_over_2mm,2,40,-0.024306698240021955,0.8816513413250785,0.9773502985622473
weekly,pooled,snow_over_2cm,2,331,0.008175690132146335,0.8821980144543476,0.9773502985622473
monthly,gilde,rain_mm_sum,0,41,0.023867595818815333,0.8822465478934658,0.9773502985622473
monthly,gilde,snow_over_5cm,1,40,0.024146401911820256,0.8824263543919311,0.9773502985622473
monthly,ummels,rain_over_1mm,2,40,0.024024025716596842,0.8830181010489083,0.9773502985622473
monthly,ummels,tmean_under_2°C,0,42,-0.023383390259127154,0.8831412142537644,0.9773502985622473
monthly,ummels,tmax_over_25°C,0,42,-0.023222691433880557,0.8839388169047923,0.9773502985622473
weekly,gilde,wind_max_kmh_mean,2,170,-0.011224894816226088,0.8844901984806909,0.9773502985622473
weekly,pooled,rain_over_15mm,0,335,0.00795200119926304,0.8847078738808057,0.9773502985622473
monthly,pooled,tmin_under_3°C,0,83,-0.01608068541769127,0.885271852556067,0.9773502985622473
weekly,ummels,snow_over_0.1cm,2,161,0.011414516179161583,0.8857293732604603,0.9773502985622473
monthly,gilde,rain_over_2mm,1,40,0.023462063938245133,0.8857362512934582,0.9773502985622473
monthly,pooled,precip_over_2mm,1,81,-0.015958979188660443,0.8875481372732863,0.9773502985622473
weekly,gilde,tmax_over_32°C,1,171,0.010857465560017099,0.8879153146566598,0.9773502985622473
monthly,ummels,tmax_over_24°C,1,41,0.022673037422012533,0.8881017688038688,0.9773502985622473
monthly,ummels,tmax_over_22°C,1,41,0.022578757582237062,0.8885641428226924,0.9773502985622473
weekly,pooled,rain_over_8mm,0,335,0.007583558218044274,0.8900151126244144,0.9773502985622473
weekly,gilde,temp_mean_c_mean,2,170,-0.010682654212737753,0.8900340846610095,0.9773502985622473
monthly,pooled,rain_over_3mm,1,81,-0.015509130810023317,0.8906980996715977,0.9773502985622473
monthly,gilde,tmin_under_5°C,0,41,-0.022082555063740336,0.8909982522047479,0.9773502985622473
weekly,ummels,snow_over_1cm,2,161,0.010562798254533315,0.8942042355132913,0.9773502985622473
monthly,ummels,temp_mean_c_mean,1,41,-0.02125435540069687,0.8950631543275183,0.9773502985622473
monthly,pooled,precip_mm_sum,1,81,0.014679313459801262,0.8965131160293559,0.9773502985622473
weekly,ummels,tmax_over_25°C,0,163,-0.010220278929975105,0.8969754957994808,0.9773502985622473
monthly,gilde,tmax_over_30°C,1,40,-0.02072257770472725,0.8990047863034097,0.9773502985622473
monthly,ummels,rain_mm_sum,0,42,-0.020176646949193744,0.8990779000996295,0.9773502985622473
monthly,pooled,tmax_over_24°C,1,81,0.014047949132064955,0.9009411280759764,0.9773502985622473
weekly,gilde,tmean_under_8°C,1,171,0.009529174303085973,0.9015536361496728,0.9773502985622473
weekly,gilde,wind_max_kmh_mean,0,172,0.009447600719772275,0.9021044265672018,0.9773502985622473
monthly,ummels,precip_mm_sum,1,41,0.019686411149825788,0.9027659839531355,0.9773502985622473
weekly,pooled,precip_over_15mm,0,335,-0.006629840136938682,0.9037751813225933,0.9773502985622473
monthly,pooled,gust_over_70km/h,1,81,0.013594138503698039,0.9041257613567424,0.9773502985622473
weekly,gilde,wind_over_35km/h,0,172,-0.009223346206007975,0.9044169568387515,0.9773502985622473
monthly,gilde,tmin_under_0°C,1,40,-0.019561675498372216,0.9046359427811071,0.9773502985622473
monthly,ummels,tmax_under_5°C,1,41,-0.01929990499125526,0.9046661498306873,0.9773502985622473
monthly,ummels,precip_over_5mm,0,42,0.01888627804546633,0.9055021193623933,0.9773502985622473
weekly,ummels,rain_over_20mm,1,162,-0.009370851621846409,0.9057899638035719,0.9773502985622473
weekly,ummels,precip_over_20mm,1,162,-0.009370851621846409,0.9057899638035719,0.9773502985622473
monthly,ummels,tmean_under_2°C,1,41,-0.019021558786805153,0.9060348985487958,0.9773502985622473
monthly,ummels,rain_over_5mm,1,41,-0.018566950121222295,0.90827098115189,0.9773502985622473
weekly,pooled,temp_mean_c_mean,1,333,0.006320152375208359,0.9085248383130536,0.9773502985622473
monthly,ummels,rain_over_2mm,2,40,-0.018674049709869082,0.9089446472265811,0.9773502985622473
weekly,ummels,tmin_under_5°C,1,162,-0.009054185575966331,0.9089596095073836,0.9773502985622473
monthly,pooled,rain_over_3mm,0,83,-0.0126198872731496,0.909845440750461,0.9773502985622473
weekly,gilde,tmin_under_-1°C,1,171,0.008706713238501836,0.9100130317229198,0.9773502985622473
monthly,gilde,tmax_over_32°C,1,40,-0.01836282385321206,0.9104560121238855,0.9773502985622473
monthly,pooled,tmax_over_28°C,0,83,0.012419746043893636,0.9112693737954731,0.9773502985622473
weekly,ummels,rain_over_10mm,1,162,0.008740544044394429,0.9121003975222123,0.9773502985622473
weekly,gilde,wind_max_kmh_max,2,170,-0.008499007390757806,0.9124110337821654,0.9773502985622473
monthly,ummels,tmin_under_1°C,0,42,0.017416731283211324,0.9128256209792548,0.9773502985622473
monthly,gilde,tmin_under_2°C,1,40,-0.0175505305175749,0.9144020969716014,0.9773502985622473
monthly,gilde,tmax_over_28°C,0,41,0.017197863090005556,0.9150092583928262,0.9773502985622473
monthly,pooled,tmax_over_30°C,0,83,-0.011713243619204663,0.9162980913040171,0.9773502985622473
weekly,ummels,wind_over_30km/h,2,161,0.008117781061784068,0.9185961886313196,0.9773502985622473
monthly,ummels,tmax_over_28°C,0,42,0.016228735073854004,0.9187512509110197,0.9773502985622473
monthly,gilde,tmean_under_6°C,0,41,-0.016340780938215525,0.9192306049620175,0.9773502985622473
monthly,gilde,wind_over_40km/h,2,39,0.01667943778729204,0.9197243431302423,0.9773502985622473
monthly,ummels,precip_over_2mm,0,42,-0.015969521415517805,0.9200447761089781,0.9773502985622473
weekly,gilde,tmin_under_-2°C,2,170,0.007704300984300734,0.9205728576991803,0.9773502985622473
weekly,pooled,rain_over_1mm,0,335,0.005436500617154525,0.9210325852577993,0.9773502985622473
monthly,gilde,tmax_over_28°C,1,40,0.015738242624542705,0.923213277253482,0.9773502985622473
weekly,gilde,rain_over_20mm,2,170,-0.007441789096470237,0.9232707825317799,0.9773502985622473
weekly,gilde,precip_over_20mm,2,170,-0.007441789096470237,0.9232707825317799,0.9773502985622473
monthly,ummels,rain_over_3mm,0,42,-0.014919325282627995,0.9252875022480084,0.9773502985622473
monthly,ummels,gust_over_70km/h,0,42,0.014720933619613762,0.9262782585463024,0.9773502985622473
weekly,gilde,rain_mm_sum,0,172,0.007077475480357548,0.9265832004005009,0.9773502985622473
weekly,gilde,tmax_over_28°C,2,170,0.007033384807128292,0.9274698221708758,0.9773502985622473
monthly,gilde,temp_max_c_max,0,41,-0.014634783758818576,0.9276394750204799,0.9773502985622473
weekly,gilde,gust_over_50km/h,2,170,-0.006882192444302653,0.9290248320072975,0.9778741300573943
monthly,ummels,rain_over_2mm,0,42,-0.013779129227209938,0.9309830495730174,0.9789993673160383
weekly,ummels,precip_over_10mm,1,162,0.006662891454981498,0.9329379645230792,0.9801189875380822
monthly,pooled,rain_over_2mm,1,81,-0.009125767525550065,0.9355556678125748,0.9814365967746165
weekly,pooled,tmax_over_22°C,1,333,-0.004408327007490325,0.9361240669412174,0.9814365967746165
monthly,pooled,gust_over_60km/h,2,79,0.008971297898204517,0.937454807008751,0.9814365967746165
monthly,pooled,tmean_under_8°C,1,81,-0.008695529028991116,0.9385878875012597,0.9814365967746165
weekly,pooled,tmax_over_30°C,1,333,-0.004136473666023436,0.9400555482796464,0.9814365967746165
weekly,gilde,tmean_under_6°C,1,171,0.005775436088388532,0.9402383335362713,0.9814365967746165
monthly,gilde,tmax_over_24°C,1,40,0.012201859438420174,0.9404319796523346,0.9814365967746165
monthly,pooled,tmean_under_0°C,1,81,0.008302974311596175,0.9413552841203656,0.9814698558868585
monthly,ummels,precip_mm_sum,0,42,0.011425330200145854,0.9427512755326963,0.9817017500143618
monthly,ummels,rain_over_8mm,2,40,-0.010900222320142853,0.9467768201606257,0.9817017500143618
monthly,ummels,tmax_over_32°C,2,40,0.010743015707431249,0.9475433521172191,0.9817017500143618
weekly,gilde,tmean_under_2°C,1,171,-0.005020013126008143,0.9480433327729909,0.9817017500143618
monthly,ummels,rain_over_8mm,0,42,-0.010312649861421469,0.9483186534959952,0.9817017500143618
monthly,gilde,tmax_over_25°C,1,40,-0.010332752975376435,0.9495439914888449,0.9817017500143618
weekly,gilde,temp_mean_c_mean,1,171,0.004761567621343603,0.9507147536910092,0.9817017500143618
weekly,pooled,tmax_over_32°C,2,331,0.003366845995883373,0.9513410186613437,0.9817017500143618
monthly,ummels,tmin_under_-1°C,1,41,-0.009743590369031765,0.9517881780897913,0.9817017500143618
weekly,ummels,precip_over_5mm,1,162,0.004650788874517913,0.9531617366820911,0.9817017500143618
weekly,ummels,precip_mm_sum,0,163,-0.004628943295795444,0.9532357527306694,0.9817017500143618
weekly,ummels,tmean_under_10°C,1,162,-0.004629783240377763,0.9533730459299056,0.9817017500143618
monthly,gilde,tmax_over_25°C,0,41,0.00919625623761519,0.9544935096875474,0.9817017500143618
monthly,pooled,tmax_over_22°C,1,81,-0.006439118538174289,0.9545038472836918,0.9817017500143618
monthly,pooled,tmean_under_2°C,0,83,0.0062366375377072665,0.9553758122954814,0.9817017500143618
weekly,pooled,gust_over_80km/h,0,335,-0.00301780176795293,0.9561157490519714,0.9817017500143618
weekly,pooled,temp_mean_c_mean,2,331,0.002993187689463104,0.9567356746279838,0.9817017500143618
monthly,ummels,tmin_under_-2°C,1,41,0.008248570131830314,0.9591788523279084,0.9828732095179319
monthly,ummels,precip_over_1mm,2,40,0.008258646506262287,0.9596627613367636,0.9828732095179319
monthly,gilde,snow_over_2cm,0,41,0.00778251755049421,0.9614835145455304,0.9830314383930602
monthly,gilde,rain_over_20mm,1,40,0.007432965011970452,0.9636927690259071,0.9830314383930602
monthly,gilde,precip_over_20mm,1,40,0.007432965011970452,0.9636927690259071,0.9830314383930602
weekly,gilde,tmin_under_-3°C,1,171,-0.0034793166309793153,0.9639762756416855,0.9830314383930602
monthly,ummels,snow_over_2cm,2,40,-0.007302009925190832,0.9643320223819222,0.9830314383930602
monthly,gilde,precip_mm_sum,1,40,-0.007129455909943716,0.9651743732088084,0.9830314383930602
monthly,pooled,tmax_over_25°C,0,83,-0.004655974258210481,0.9666781723422118,0.9832646719271904
weekly,ummels,rain_over_8mm,1,162,-0.003256961885662941,0.9671895001790619,0.9832646719271904
monthly,ummels,rain_over_3mm,2,40,0.00563221749301578,0.97248485843592,0.986700646885585
monthly,pooled,rain_over_5mm,1,81,-0.0037506712036297143,0.9734899901558917,0.986700646885585
monthly,gilde,rain_over_5mm,1,40,0.0053513606674517695,0.973856447926834,0.986700646885585
monthly,pooled,wind_over_45km/h,2,79,0.0037041763508536257,0.974154044654524,0.986700646885585
monthly,pooled,gust_over_70km/h,2,79,0.0028426430320781103,0.9801640101512589,0.9918755286549044
monthly,ummels,rain_mm_sum,1,41,0.0033101045296167254,0.9836129380264684,0.9944516480873662
weekly,gilde,rain_over_1mm,0,172,0.0013421536718929306,0.9860586061416041,0.9960096562953268
weekly,gilde,rain_over_8mm,0,172,-0.0012399210280948992,0.987120435215278,0.9961682852172513
weekly,ummels,tmean_under_10°C,0,163,0.0011720708632570662,0.9881527734497659,0.9962968897144618
monthly,ummels,rain_over_5mm,2,40,-0.001877494011453443,0.9908263035841524,0.9967017408226599
weekly,gilde,tmin_under_3°C,1,171,0.0008642702560479993,0.9910487949071618,0.9967017408226599
weekly,ummels,rain_over_3mm,2,161,0.0007205217365328739,0.992762360248505,0.9967017408226599
weekly,ummels,gust_over_80km/h,2,161,-0.0006335184554046347,0.9936362884590896,0.9967017408226599
monthly,pooled,tmax_under_7°C,1,81,0.0008496085374698238,0.9939938781471576,0.9967017408226599
monthly,pooled,tmin_under_5°C,1,81,0.0008079579769929994,0.9942883126202055,0.9967017408226599
monthly,pooled,rain_mm_sum,1,81,-0.0007226738934056008,0.9948912017839266,0.9967017408226599
weekly,gilde,tmax_over_25°C,2,170,0.0003273495748939266,0.9966196713341416,0.9971981548162503
weekly,ummels,tmean_under_4°C,1,162,0.0002780504144122607,0.9971981548162503,0.9971981548162503
